"term","med","med_sd","min","max","justice","just_pr","CEHughes2","JCMcReynolds","LDBrandeis","GSutherland","PButler","HFStone","OJRoberts","BNCardozo","HLBlack","SFReed","FFrankfurter","WODouglas","FMurphy","JFByrnes","RHJackson","WBRutledge","HHBurton","FMVinson","TCClark","SMinton","EWarren","JHarlan2","WJBrennan","CEWhittaker","PStewart","BRWhite","AJGoldberg","AFortas","TMarshall","WEBurger","HABlackmun","LFPowell","WHRehnquist","JPStevens","SDOConnor","AScalia","AMKennedy","DHSouter","CThomas","RBGinsburg","SGBreyer","JGRoberts","SAAlito","SSotomayor","EKagan","NMGorsuch","BMKavanaugh","ACBarrett","KBJackson"
"1937a",-0.325,0.332,-2.929,3.453,"CEHughes2",0.662,0.6616,0,0.1812,0,0,0.0564,0.0888,0.012,0,,,,,,,,,,,,,,,,,,,,,,,,,,,,,,,,,,,,,,,,
"1937b",-0.559,0.332,-2.929,3.451,"LDBrandeis",0.439,0.2068,0,0.4392,,0,0.236,0.01,0.0236,0,0.0844,,,,,,,,,,,,,,,,,,,,,,,,,,,,,,,,,,,,,,,
"1938a",-0.52,0.368,-3.236,3.595,"LDBrandeis",0.506,0.0952,0,0.506,,0,0.3688,0,,0,0.0188,0.0112,,,,,,,,,,,,,,,,,,,,,,,,,,,,,,,,,,,,,,
"1938b",-0.68,0.356,-3.329,3.595,"HFStone",0.893,0.0152,0,,,0,0.8932,0,,0,0.0672,0.0244,0,,,,,,,,,,,,,,,,,,,,,,,,,,,,,,,,,,,,,
"1939",-0.999,0.357,-3.436,3.562,"SFReed",0.646,0,0,,,,0.0688,0,,0,0.6464,0.2324,0,0.0524,,,,,,,,,,,,,,,,,,,,,,,,,,,,,,,,,,,,
"1940",-0.627,0.35,-3.477,3.385,"FFrankfurter",0.488,0,0,,,,0.0308,0,,0,0.4804,0.4876,0,0.0012,,,,,,,,,,,,,,,,,,,,,,,,,,,,,,,,,,,,
"1941",-0.142,0.332,-3.393,1.844,"JFByrnes",0.467,,,,,,0.002,0,,0,0.3204,0.138,0,0,0.4668,0.0728,,,,,,,,,,,,,,,,,,,,,,,,,,,,,,,,,,
"1942",0.098,0.331,-3.141,2.103,"SFReed",0.566,,,,,,0.0896,0,,0,0.566,0.036,0,0,,0.3084,0,,,,,,,,,,,,,,,,,,,,,,,,,,,,,,,,,
"1943",0.041,0.323,-2.8,2.436,"RHJackson",0.46,,,,,,0.176,0,,0,0.362,0.0024,0,0,,0.4596,0,,,,,,,,,,,,,,,,,,,,,,,,,,,,,,,,,
"1944",-0.086,0.329,-2.587,2.761,"SFReed",0.904,,,,,,0.0008,0,,0,0.904,0.0008,0,0,,0.0944,0,,,,,,,,,,,,,,,,,,,,,,,,,,,,,,,,,
"1945",0.068,0.308,-2.193,0.904,"SFReed",0.896,,,,,,0.0096,,,0,0.8956,0.0124,0,0,,0.0384,0,0.044,,,,,,,,,,,,,,,,,,,,,,,,,,,,,,,,
"1946",0.244,0.26,-2.039,1.166,"SFReed",0.632,,,,,,,,,0,0.632,0.0004,0,0,,0,0,0.0932,0.2744,,,,,,,,,,,,,,,,,,,,,,,,,,,,,,,
"1947",0.444,0.229,-1.973,1.241,"SFReed",0.488,,,,,,,,,0,0.488,0.0148,0,0,,0.0004,0,0.0352,0.4616,,,,,,,,,,,,,,,,,,,,,,,,,,,,,,,
"1948",0.545,0.259,-1.979,1.317,"FFrankfurter",0.517,,,,,,,,,0,0.3668,0.5168,0,0,,0.0004,0,0.0332,0.0828,,,,,,,,,,,,,,,,,,,,,,,,,,,,,,,
"1949",0.873,0.308,-1.66,1.436,"HHBurton",0.282,,,,,,,,,0,0.1644,0.03,0,,,0.1312,,0.282,0.1404,0.1624,0.0896,,,,,,,,,,,,,,,,,,,,,,,,,,,,,
"1950",0.919,0.292,-1.576,1.517,"HHBurton",0.368,,,,,,,,,0,0.1268,0.0016,0,,,0.1736,,0.3676,0.0776,0.2036,0.0492,,,,,,,,,,,,,,,,,,,,,,,,,,,,,
"1951",0.925,0.297,-1.595,1.673,"HHBurton",0.553,,,,,,,,,0,0.078,0,0,,,0.1716,,0.5532,0.0136,0.1552,0.0284,,,,,,,,,,,,,,,,,,,,,,,,,,,,,
"1952",1.063,0.374,-2.165,1.64,"TCClark",0.31,,,,,,,,,0,0.1116,0,0,,,0.1576,,0.168,0.0756,0.31,0.1772,,,,,,,,,,,,,,,,,,,,,,,,,,,,,
"1953",0.579,0.418,-2.895,1.583,"TCClark",0.548,,,,,,,,,0,0,0.1596,0,,,0.1668,,0.004,,0.5484,0.1124,0.0088,,,,,,,,,,,,,,,,,,,,,,,,,,,,
"1954",0.347,0.442,-3.589,1.54,"FFrankfurter",0.673,,,,,,,,,0,0,0.6732,0,,,,,0,,0.2488,0.0164,0.0012,0.0604,,,,,,,,,,,,,,,,,,,,,,,,,,,
"1955",0.561,0.481,-4.151,1.346,"FFrankfurter",0.775,,,,,,,,,0,0.0308,0.7752,0,,,,,0.0036,,0.0148,0.1496,0,0.026,,,,,,,,,,,,,,,,,,,,,,,,,,,
"1956a",0.163,0.508,-4.647,1.329,"TCClark",0.986,,,,,,,,,0,0.0136,0,0,,,,,0,,0.9864,,0,0,0,,,,,,,,,,,,,,,,,,,,,,,,,,
"1956b",0.164,0.508,-4.647,1.34,"TCClark",0.997,,,,,,,,,0,,0,0,,,,,0,,0.9972,,0,0,0,0.0028,,,,,,,,,,,,,,,,,,,,,,,,,
"1957",0.585,0.548,-5.053,1.394,"TCClark",0.944,,,,,,,,,0,,0.0036,0,,,,,0.0276,,0.9436,,0,0.0004,0,0.0248,,,,,,,,,,,,,,,,,,,,,,,,,
"1958",0.643,0.579,-5.425,1.646,"TCClark",0.499,,,,,,,,,0,,0.0016,0,,,,,0.1428,,0.4988,,0,0.0032,0,0.0104,0.3432,,,,,,,,,,,,,,,,,,,,,,,,
"1959",0.338,0.615,-5.713,1.854,"TCClark",0.865,,,,,,,,,0,,0,0,,,,,,,0.8652,,0,0,0,0,0.1348,,,,,,,,,,,,,,,,,,,,,,,,
"1960",0.445,0.642,-5.975,1.993,"PStewart",0.911,,,,,,,,,0,,0,0,,,,,,,0.0876,,0,0,0,0.0012,0.9112,,,,,,,,,,,,,,,,,,,,,,,,
"1961",-0.037,0.678,-6.214,2.305,"BRWhite",0.474,,,,,,,,,0,,0,0,,,,,,,0.0968,,0,0,0.0296,0.0024,0.3968,0.4744,,,,,,,,,,,,,,,,,,,,,,,
"1962",-1.073,0.726,-6.417,2.564,"AJGoldberg",0.607,,,,,,,,,0.0052,,,0,,,,,,,0,,0.0396,0,0.3476,,0,0.0004,0.6072,,,,,,,,,,,,,,,,,,,,,,
"1963",-1.129,0.766,-6.614,2.668,"WJBrennan",0.516,,,,,,,,,0.0792,,,0,,,,,,,0,,0.0856,0,0.5156,,0,0,0.3196,,,,,,,,,,,,,,,,,,,,,,
"1964",-0.702,0.783,-6.836,2.446,"AJGoldberg",0.572,,,,,,,,,0.2528,,,0,,,,,,,0.0228,,0.012,0,0.1096,,0,0.0304,0.5724,,,,,,,,,,,,,,,,,,,,,,
"1965",-0.565,0.8,-7.032,2.356,"HLBlack",0.918,,,,,,,,,0.9176,,,0,,,,,,,0.0148,,0.0016,0,0.0148,,0,0.0464,,0.0048,,,,,,,,,,,,,,,,,,,,,
"1966",-0.413,0.817,-7.202,2.052,"HLBlack",0.978,,,,,,,,,0.9776,,,0,,,,,,,0.006,,0.0004,0,0,,0,0.016,,0,,,,,,,,,,,,,,,,,,,,,
"1967",-1.042,0.839,-7.355,1.473,"TMarshall",0.455,,,,,,,,,0,,,0,,,,,,,,,0.1976,0,0.2376,,0,0,,0.1096,0.4552,,,,,,,,,,,,,,,,,,,,
"1968",-0.889,0.867,-7.463,0.773,"AFortas",0.334,,,,,,,,,0,,,0,,,,,,,,,0.0784,0,0.3012,,0,0,,0.334,0.2864,,,,,,,,,,,,,,,,,,,,
"1969",0.188,0.916,-7.53,2.019,"BRWhite",0.497,,,,,,,,,0.4,,,0,,,,,,,,,,0.0072,0,,0.096,0.4968,,,0,0,0,,,,,,,,,,,,,,,,,,
"1970",0.377,0.936,-7.593,2.184,"BRWhite",0.526,,,,,,,,,0.0276,,,0,,,,,,,,,,0.0392,0,,0.4068,0.5264,,,0,0,0,,,,,,,,,,,,,,,,,,
"1971",0.638,0.959,-7.654,3.575,"BRWhite",0.995,,,,,,,,,,,,0,,,,,,,,,,,0,,0.002,0.9948,,,0,0,0.0004,0.0028,0,,,,,,,,,,,,,,,,
"1972",0.944,0.996,-7.676,4.003,"BRWhite",0.789,,,,,,,,,,,,0,,,,,,,,,,,0,,0,0.7892,,,0,0,0.0144,0.1964,0,,,,,,,,,,,,,,,,
"1973",0.611,1.015,-7.705,4.27,"BRWhite",0.637,,,,,,,,,,,,0,,,,,,,,,,,0,,0.36,0.6372,,,0,0,0.0004,0.0024,0,,,,,,,,,,,,,,,,
"1974",0.617,1.048,-7.757,4.364,"BRWhite",0.806,,,,,,,,,,,,0,,,,,,,,,,,0,,0.1384,0.8056,,,0,0,0.0344,0.0216,0,,,,,,,,,,,,,,,,
"1975",0.491,1.1,-7.762,4.469,"BRWhite",0.462,,,,,,,,,,,,0,,,,,,,,,,,0,,0.4516,0.4624,,,0,0,0.0356,0.0144,0,0.036,,,,,,,,,,,,,,,
"1976",0.474,0.281,-2.71,4.439,"PStewart",0.508,,,,,,,,,,,,,,,,,,,,,,,0,,0.508,0.2268,,,0,0,0.1396,0.1256,0,0,,,,,,,,,,,,,,,
"1977",0.235,0.295,-2.849,4.454,"PStewart",0.382,,,,,,,,,,,,,,,,,,,,,,,0,,0.3824,0.0904,,,0,0,0.3592,0.1204,0,0.0476,,,,,,,,,,,,,,,
"1978",0.158,0.344,-3.081,4.489,"HABlackmun",0.822,,,,,,,,,,,,,,,,,,,,,,,0,,0.0328,0.14,,,0,0,0.822,0.0004,0,0.0048,,,,,,,,,,,,,,,
"1979",0.238,0.387,-3.331,4.519,"BRWhite",0.816,,,,,,,,,,,,,,,,,,,,,,,0,,0.118,0.8156,,,0,0,0.062,0.0016,0,0.0028,,,,,,,,,,,,,,,
"1980",0.233,0.407,-3.47,4.376,"BRWhite",0.913,,,,,,,,,,,,,,,,,,,,,,,0,,0.0112,0.9128,,,0,0,0.0648,0.0016,0,0.0096,,,,,,,,,,,,,,,
"1981",0.265,0.416,-3.606,4.231,"BRWhite",0.994,,,,,,,,,,,,,,,,,,,,,,,0,,,0.9936,,,0,0,0.0016,0.0004,0,0.0044,0,,,,,,,,,,,,,,
"1982",0.673,0.43,-3.782,4.156,"BRWhite",0.996,,,,,,,,,,,,,,,,,,,,,,,0,,,0.996,,,0,0,0,0.004,0,0,0,,,,,,,,,,,,,,
"1983",0.879,0.46,-3.869,4.062,"BRWhite",0.831,,,,,,,,,,,,,,,,,,,,,,,0,,,0.8308,,,0,0,0,0.1688,0,0,0.0004,,,,,,,,,,,,,,
"1984",0.827,0.485,-3.951,3.842,"LFPowell",0.797,,,,,,,,,,,,,,,,,,,,,,,0,,,0.2016,,,0,0,0,0.7968,0,0,0.0016,,,,,,,,,,,,,,
"1985",0.932,0.505,-4.069,3.625,"LFPowell",0.892,,,,,,,,,,,,,,,,,,,,,,,0,,,0.07,,,0,0,0,0.8916,0,0,0.0384,,,,,,,,,,,,,,
"1986",0.876,0.515,-4.28,3.347,"LFPowell",0.924,,,,,,,,,,,,,,,,,,,,,,,0,,,0.0468,,,0,,0,0.9244,0,0,0.0064,0.0224,,,,,,,,,,,,,
"1987",0.976,0.543,-4.422,2.899,"BRWhite",0.715,,,,,,,,,,,,,,,,,,,,,,,0,,,0.7148,,,0,,0,,0,0,0.0108,0.0072,0.2672,,,,,,,,,,,,
"1988",1.098,0.566,-4.48,2.775,"BRWhite",0.88,,,,,,,,,,,,,,,,,,,,,,,0,,,0.8796,,,0,,0,,0,0,0.048,0.0036,0.0688,,,,,,,,,,,,
"1989",0.881,0.617,-4.452,2.632,"BRWhite",0.964,,,,,,,,,,,,,,,,,,,,,,,0,,,0.9636,,,0,,0,,0,0,0.006,0,0.0304,,,,,,,,,,,,
"1990",0.926,0.712,-4.3,2.476,"DHSouter",0.553,,,,,,,,,,,,,,,,,,,,,,,,,,0.0956,,,0,,0,,0,0,0.2028,0,0.1484,0.5532,,,,,,,,,,,
"1991",0.755,0.297,-2.166,2.859,"SDOConnor",0.324,,,,,,,,,,,,,,,,,,,,,,,,,,0.2424,,,,,0,,0,0,0.324,0,0.2428,0.1908,0,,,,,,,,,,
"1992",0.833,0.336,-2.376,3.086,"SDOConnor",0.584,,,,,,,,,,,,,,,,,,,,,,,,,,0.1692,,,,,0,,0,0,0.584,0,0.242,0.0048,0,,,,,,,,,,
"1993",0.816,0.364,-2.602,3.426,"AMKennedy",0.687,,,,,,,,,,,,,,,,,,,,,,,,,,,,,,,0,,0,0,0.3132,0,0.6868,0,0,0,,,,,,,,,
"1994",0.737,0.384,-3.012,3.647,"SDOConnor",0.517,,,,,,,,,,,,,,,,,,,,,,,,,,,,,,,,,0,0,0.5172,0,0.4828,0,0,0,0,,,,,,,,
"1995",0.689,0.391,-3.279,3.768,"AMKennedy",0.702,,,,,,,,,,,,,,,,,,,,,,,,,,,,,,,,,0,0,0.298,0,0.702,0,0,0,0,,,,,,,,
"1996",0.776,0.412,-3.401,3.876,"AMKennedy",0.719,,,,,,,,,,,,,,,,,,,,,,,,,,,,,,,,,0.0004,0,0.2804,0,0.7192,0,0,0,0,,,,,,,,
"1997",0.794,0.434,-3.376,3.892,"AMKennedy",0.825,,,,,,,,,,,,,,,,,,,,,,,,,,,,,,,,,0.0008,0,0.1744,0,0.8248,0,0,0,0,,,,,,,,
"1998",0.855,0.422,-3.387,3.909,"AMKennedy",0.579,,,,,,,,,,,,,,,,,,,,,,,,,,,,,,,,,0,0,0.4212,0,0.5788,0,0,0,0,,,,,,,,
"1999",0.844,0.431,-3.325,3.898,"SDOConnor",0.748,,,,,,,,,,,,,,,,,,,,,,,,,,,,,,,,,0.0012,0,0.748,0,0.2508,0,0,0,0,,,,,,,,
"2000",0.585,0.448,-3.147,3.912,"SDOConnor",0.918,,,,,,,,,,,,,,,,,,,,,,,,,,,,,,,,,0,0,0.9184,0,0.0816,0,0,0,0,,,,,,,,
"2001",0.37,0.45,-3.033,3.832,"SDOConnor",0.992,,,,,,,,,,,,,,,,,,,,,,,,,,,,,,,,,0.0008,0,0.9924,0,0.0068,0,0,0,0,,,,,,,,
"2002",0.265,0.455,-2.918,3.897,"SDOConnor",0.982,,,,,,,,,,,,,,,,,,,,,,,,,,,,,,,,,0.0012,0,0.9816,0,0.0172,0,0,0,0,,,,,,,,
"2003",0.227,0.446,-2.901,3.903,"SDOConnor",0.972,,,,,,,,,,,,,,,,,,,,,,,,,,,,,,,,,0,0,0.9716,0,0.0284,0,0,0,0,,,,,,,,
"2004",0.113,0.446,-2.896,3.938,"SDOConnor",0.929,,,,,,,,,,,,,,,,,,,,,,,,,,,,,,,,,0,0,0.9288,0,0.0712,0,0,0,0,,,,,,,,
"2005a",0.05,0.445,-2.862,3.963,"SDOConnor",0.861,,,,,,,,,,,,,,,,,,,,,,,,,,,,,,,,,,0,0.8608,0,0.1364,0.0004,0,0,0.0016,0.0008,,,,,,,
"2005b",0.503,0.445,-2.862,3.963,"AMKennedy",0.984,,,,,,,,,,,,,,,,,,,,,,,,,,,,,,,,,,0,,0,0.9844,0,0,0,0,0.008,0.0076,,,,,,
"2006",0.453,0.455,-2.814,3.918,"AMKennedy",0.998,,,,,,,,,,,,,,,,,,,,,,,,,,,,,,,,,,0,,0,0.9984,0,0,0,0,0.0004,0.0012,,,,,,
"2007",0.414,0.473,-2.692,3.768,"AMKennedy",0.999,,,,,,,,,,,,,,,,,,,,,,,,,,,,,,,,,,0,,0,0.9988,0,0,0,0,0.0012,0,,,,,,
"2008",0.583,0.477,-2.86,3.518,"AMKennedy",0.998,,,,,,,,,,,,,,,,,,,,,,,,,,,,,,,,,,0,,0,0.9984,0,0,0,0,0.0016,0,,,,,,
"2009",0.512,0.529,-2.864,3.385,"AMKennedy",0.998,,,,,,,,,,,,,,,,,,,,,,,,,,,,,,,,,,0,,0,0.9984,,0,0,0,0.0016,0,0,,,,,
"2010",0.576,0.308,-2.155,3.212,"AMKennedy",0.996,,,,,,,,,,,,,,,,,,,,,,,,,,,,,,,,,,,,0,0.9964,,0,0,0,0.0036,0,0,0,,,,
"2011",0.293,0.327,-2.417,3.171,"AMKennedy",0.999,,,,,,,,,,,,,,,,,,,,,,,,,,,,,,,,,,,,0,0.9992,,0,0,0,0.0008,0,0,0,,,,
"2012",0.237,0.331,-2.628,3.129,"AMKennedy",0.999,,,,,,,,,,,,,,,,,,,,,,,,,,,,,,,,,,,,0,0.9992,,0,0,0,0.0008,0,0,0,,,,
"2013",0.067,0.36,-2.831,3.152,"AMKennedy",0.988,,,,,,,,,,,,,,,,,,,,,,,,,,,,,,,,,,,,0,0.988,,0,0,0,0.012,0,0,0,,,,
"2014",-0.23,0.399,-3.096,3.152,"AMKennedy",0.999,,,,,,,,,,,,,,,,,,,,,,,,,,,,,,,,,,,,0,0.9992,,0,0,0,0.0008,0,0,0,,,,
"2015",-0.274,0.431,-3.324,3.165,"AMKennedy",0.976,,,,,,,,,,,,,,,,,,,,,,,,,,,,,,,,,,,,0,0.9764,,0,0,0,0.0236,0,0,0,,,,
"2016",-0.064,0.461,-3.521,3.178,"AMKennedy",0.913,,,,,,,,,,,,,,,,,,,,,,,,,,,,,,,,,,,,,0.9132,,0,0,0,0.084,0,0,0,0.0028,,,
"2017",0.289,0.478,-3.748,3.089,"JGRoberts",0.501,,,,,,,,,,,,,,,,,,,,,,,,,,,,,,,,,,,,,0.4944,,0,0,0,0.5008,0,0,0,0.0048,,,
"2018",0.362,0.493,-3.875,3.113,"JGRoberts",0.716,,,,,,,,,,,,,,,,,,,,,,,,,,,,,,,,,,,,,,,0,0,0,0.716,0,0,0,0.0236,0.2604,,
"2019",0.304,0.528,-3.985,3.073,"JGRoberts",0.789,,,,,,,,,,,,,,,,,,,,,,,,,,,,,,,,,,,,,,,0,0,0,0.7892,0,0,0,0.016,0.1948,,
"2020",0.63,0.567,-4.085,2.93,"BMKavanaugh",0.467,,,,,,,,,,,,,,,,,,,,,,,,,,,,,,,,,,,,,,,0,,0,0.36,0,0,0,0.0524,0.4672,0.1204,
"2021",0.665,0.602,-4.147,2.995,"BMKavanaugh",0.482,,,,,,,,,,,,,,,,,,,,,,,,,,,,,,,,,,,,,,,0,,0,0.3316,0,0,0,0.0912,0.4816,0.0956,
"2022",0.523,0.646,-4.145,3.023,"BMKavanaugh",0.439,,,,,,,,,,,,,,,,,,,,,,,,,,,,,,,,,,,,,,,0,,,0.342,0,0,0,0.0356,0.4392,0.1832,0
"2023",0.51,0.674,-4.175,3.128,"BMKavanaugh",0.357,,,,,,,,,,,,,,,,,,,,,,,,,,,,,,,,,,,,,,,0,,,0.3144,0,0,0,0.0252,0.3572,0.3032,0
"2024",0.457,0.711,-4.212,3.14,"BMKavanaugh",0.343,,,,,,,,,,,,,,,,,,,,,,,,,,,,,,,,,,,,,,,0,,,0.2808,0,0,0,0.0348,0.3428,0.3416,0
