"term","justice","justiceName","post_mn","post_sd","post_med","post_025","post_975"
2020,117,"ACBarrett",0.961,0.309,0.954,0.394,1.601
2021,117,"ACBarrett",1.004,0.259,1.002,0.518,1.514
2022,117,"ACBarrett",0.742,0.261,0.738,0.26,1.269
2023,117,"ACBarrett",0.603,0.246,0.597,0.146,1.102
2024,117,"ACBarrett",0.515,0.287,0.516,-0.035,1.089
1965,97,"AFortas",-1.32,0.257,-1.309,-1.848,-0.846
1966,97,"AFortas",-1.515,0.22,-1.506,-1.962,-1.101
1967,97,"AFortas",-1.354,0.225,-1.349,-1.82,-0.939
1968,97,"AFortas",-1.089,0.295,-1.082,-1.688,-0.555
1962,96,"AJGoldberg",-1.151,0.232,-1.14,-1.631,-0.735
1963,96,"AJGoldberg",-1.285,0.205,-1.288,-1.688,-0.884
1964,96,"AJGoldberg",-0.78,0.257,-0.768,-1.325,-0.309
1987,106,"AMKennedy",1.229,0.284,1.217,0.71,1.83
1988,106,"AMKennedy",1.495,0.231,1.487,1.07,1.968
1989,106,"AMKennedy",1.355,0.225,1.35,0.944,1.814
1990,106,"AMKennedy",1.203,0.216,1.197,0.797,1.635
1991,106,"AMKennedy",0.859,0.204,0.854,0.466,1.268
1992,106,"AMKennedy",1.03,0.216,1.025,0.612,1.456
1993,106,"AMKennedy",0.872,0.222,0.868,0.444,1.321
1994,106,"AMKennedy",0.852,0.213,0.849,0.447,1.3
1995,106,"AMKennedy",0.74,0.206,0.734,0.347,1.133
1996,106,"AMKennedy",0.826,0.212,0.825,0.419,1.248
1997,106,"AMKennedy",0.822,0.219,0.816,0.409,1.269
1998,106,"AMKennedy",0.943,0.223,0.938,0.522,1.399
1999,106,"AMKennedy",1.083,0.23,1.074,0.652,1.547
2000,106,"AMKennedy",0.966,0.221,0.955,0.558,1.421
2001,106,"AMKennedy",1.049,0.231,1.042,0.612,1.516
2002,106,"AMKennedy",0.893,0.236,0.893,0.424,1.353
2003,106,"AMKennedy",0.767,0.219,0.77,0.34,1.2
2004,106,"AMKennedy",0.543,0.217,0.541,0.124,0.998
2005,106,"AMKennedy",0.505,0.219,0.505,0.067,0.948
2006,106,"AMKennedy",0.453,0.201,0.448,0.07,0.868
2007,106,"AMKennedy",0.414,0.217,0.415,-0.003,0.841
2008,106,"AMKennedy",0.583,0.207,0.573,0.19,1.004
2009,106,"AMKennedy",0.512,0.215,0.508,0.099,0.95
2010,106,"AMKennedy",0.576,0.211,0.571,0.165,1.009
2011,106,"AMKennedy",0.293,0.208,0.29,-0.11,0.718
2012,106,"AMKennedy",0.237,0.201,0.239,-0.16,0.636
2013,106,"AMKennedy",0.068,0.231,0.071,-0.378,0.519
2014,106,"AMKennedy",-0.23,0.209,-0.229,-0.634,0.186
2015,106,"AMKennedy",-0.272,0.23,-0.267,-0.723,0.159
2016,106,"AMKennedy",-0.053,0.229,-0.054,-0.503,0.398
2017,106,"AMKennedy",0.397,0.232,0.39,-0.026,0.853
1986,105,"AScalia",1.392,0.236,1.382,0.963,1.889
1987,105,"AScalia",1.65,0.247,1.645,1.173,2.159
1988,105,"AScalia",1.811,0.259,1.795,1.325,2.36
1989,105,"AScalia",2.002,0.27,1.987,1.481,2.582
1990,105,"AScalia",2.151,0.304,2.147,1.596,2.775
1991,105,"AScalia",2.505,0.313,2.5,1.911,3.14
1992,105,"AScalia",2.536,0.349,2.532,1.883,3.228
1993,105,"AScalia",2.644,0.369,2.638,1.959,3.424
1994,105,"AScalia",2.889,0.382,2.886,2.167,3.664
1995,105,"AScalia",3.176,0.39,3.169,2.447,3.954
1996,105,"AScalia",3.392,0.405,3.387,2.615,4.21
1997,105,"AScalia",3.477,0.409,3.465,2.699,4.298
1998,105,"AScalia",3.458,0.429,3.45,2.627,4.324
1999,105,"AScalia",3.541,0.424,3.532,2.704,4.392
2000,105,"AScalia",3.534,0.414,3.523,2.723,4.374
2001,105,"AScalia",3.384,0.417,3.364,2.595,4.234
2002,105,"AScalia",3.095,0.42,3.087,2.308,3.944
2003,105,"AScalia",2.919,0.407,2.898,2.173,3.748
2004,105,"AScalia",2.725,0.405,2.721,1.953,3.532
2005,105,"AScalia",2.627,0.394,2.613,1.875,3.415
2006,105,"AScalia",2.586,0.371,2.576,1.896,3.362
2007,105,"AScalia",2.43,0.356,2.417,1.758,3.179
2008,105,"AScalia",2.315,0.354,2.299,1.655,3.057
2009,105,"AScalia",2.293,0.348,2.285,1.629,2.986
2010,105,"AScalia",2.123,0.347,2.108,1.474,2.834
2011,105,"AScalia",2.042,0.337,2.03,1.419,2.736
2012,105,"AScalia",1.725,0.335,1.718,1.098,2.425
2013,105,"AScalia",1.591,0.35,1.576,0.946,2.295
2014,105,"AScalia",1.511,0.354,1.496,0.864,2.273
2015,105,"AScalia",1.592,0.442,1.572,0.801,2.503
2018,116,"BMKavanaugh",0.602,0.265,0.607,0.073,1.136
2019,116,"BMKavanaugh",0.565,0.236,0.563,0.114,1.011
2020,116,"BMKavanaugh",0.575,0.238,0.577,0.106,1.035
2021,116,"BMKavanaugh",0.628,0.219,0.624,0.208,1.076
2022,116,"BMKavanaugh",0.465,0.238,0.459,0.003,0.928
2023,116,"BMKavanaugh",0.512,0.245,0.511,0.024,0.974
2024,116,"BMKavanaugh",0.545,0.29,0.54,-0.01,1.116
1937,77,"BNCardozo",-1.59,0.625,-1.552,-2.903,-0.462
1961,95,"BRWhite",-0.324,0.284,-0.325,-0.883,0.23
1962,95,"BRWhite",-0.294,0.17,-0.29,-0.634,0.027
1963,95,"BRWhite",-0.219,0.15,-0.219,-0.528,0.076
1964,95,"BRWhite",-0.25,0.184,-0.25,-0.601,0.114
1965,95,"BRWhite",-0.192,0.171,-0.191,-0.535,0.148
1966,95,"BRWhite",-0.014,0.15,-0.015,-0.306,0.286
1967,95,"BRWhite",0.247,0.14,0.248,-0.027,0.518
1968,95,"BRWhite",0.084,0.165,0.087,-0.236,0.405
1969,95,"BRWhite",0.127,0.172,0.127,-0.211,0.476
1970,95,"BRWhite",0.447,0.163,0.447,0.127,0.778
1971,95,"BRWhite",0.638,0.165,0.633,0.326,0.974
1972,95,"BRWhite",0.97,0.169,0.967,0.655,1.316
1973,95,"BRWhite",0.564,0.161,0.562,0.255,0.886
1974,95,"BRWhite",0.607,0.176,0.604,0.276,0.954
1975,95,"BRWhite",0.494,0.157,0.493,0.192,0.811
1976,95,"BRWhite",0.346,0.15,0.341,0.057,0.649
1977,95,"BRWhite",0.008,0.163,0.007,-0.314,0.331
1978,95,"BRWhite",-0.051,0.151,-0.05,-0.352,0.237
1979,95,"BRWhite",0.244,0.149,0.245,-0.045,0.533
1980,95,"BRWhite",0.228,0.154,0.226,-0.084,0.534
1981,95,"BRWhite",0.265,0.149,0.264,-0.025,0.556
1982,95,"BRWhite",0.673,0.17,0.669,0.336,1.022
1983,95,"BRWhite",0.9,0.18,0.899,0.559,1.257
1984,95,"BRWhite",1.078,0.199,1.072,0.697,1.482
1985,95,"BRWhite",1.294,0.196,1.293,0.913,1.698
1986,95,"BRWhite",1.269,0.187,1.263,0.92,1.65
1987,95,"BRWhite",1.03,0.203,1.023,0.649,1.443
1988,95,"BRWhite",1.114,0.193,1.108,0.752,1.511
1989,95,"BRWhite",0.885,0.182,0.881,0.529,1.246
1990,95,"BRWhite",0.62,0.183,0.618,0.265,0.978
1991,95,"BRWhite",0.638,0.193,0.636,0.275,1.025
1992,95,"BRWhite",0.584,0.227,0.579,0.143,1.048
1937,75,"CEHughes2",-0.358,0.231,-0.355,-0.834,0.089
1938,75,"CEHughes2",-0.178,0.187,-0.176,-0.548,0.188
1939,75,"CEHughes2",0.347,0.197,0.346,-0.041,0.742
1940,75,"CEHughes2",0.941,0.235,0.934,0.499,1.429
1956,93,"CEWhittaker",0.967,0.273,0.964,0.455,1.521
1957,93,"CEWhittaker",1.016,0.193,1.008,0.642,1.408
1958,93,"CEWhittaker",1.281,0.214,1.276,0.873,1.724
1959,93,"CEWhittaker",1.376,0.211,1.368,0.975,1.81
1960,93,"CEWhittaker",1.209,0.238,1.2,0.778,1.69
1961,93,"CEWhittaker",1.155,0.336,1.143,0.538,1.851
1991,108,"CThomas",2.741,0.461,2.717,1.93,3.667
1992,108,"CThomas",3.038,0.449,3.014,2.223,3.947
1993,108,"CThomas",3.412,0.444,3.394,2.585,4.321
1994,108,"CThomas",3.628,0.45,3.619,2.804,4.563
1995,108,"CThomas",3.725,0.448,3.717,2.866,4.6
1996,108,"CThomas",3.799,0.462,3.789,2.939,4.74
1997,108,"CThomas",3.789,0.467,3.781,2.9,4.716
1998,108,"CThomas",3.814,0.48,3.794,2.901,4.797
1999,108,"CThomas",3.757,0.487,3.736,2.868,4.768
2000,108,"CThomas",3.783,0.495,3.769,2.856,4.819
2001,108,"CThomas",3.731,0.51,3.722,2.784,4.784
2002,108,"CThomas",3.873,0.501,3.848,2.907,4.894
2003,108,"CThomas",3.891,0.514,3.872,2.929,4.958
2004,108,"CThomas",3.934,0.51,3.918,2.97,4.983
2005,108,"CThomas",3.961,0.493,3.954,3.013,4.918
2006,108,"CThomas",3.917,0.488,3.907,2.992,4.924
2007,108,"CThomas",3.767,0.481,3.752,2.88,4.744
2008,108,"CThomas",3.514,0.498,3.495,2.585,4.579
2009,108,"CThomas",3.381,0.497,3.368,2.445,4.385
2010,108,"CThomas",3.206,0.505,3.185,2.28,4.261
2011,108,"CThomas",3.165,0.493,3.148,2.241,4.177
2012,108,"CThomas",3.125,0.488,3.113,2.243,4.128
2013,108,"CThomas",3.15,0.486,3.129,2.247,4.133
2014,108,"CThomas",3.152,0.482,3.135,2.28,4.145
2015,108,"CThomas",3.165,0.47,3.152,2.325,4.16
2016,108,"CThomas",3.177,0.462,3.148,2.35,4.128
2017,108,"CThomas",3.085,0.462,3.066,2.258,4.022
2018,108,"CThomas",3.11,0.456,3.095,2.294,4.085
2019,108,"CThomas",3.056,0.461,3.03,2.226,4.03
2020,108,"CThomas",2.865,0.503,2.838,1.926,3.888
2021,108,"CThomas",2.937,0.508,2.913,2.025,3.986
2022,108,"CThomas",2.947,0.534,2.909,1.976,4.094
2023,108,"CThomas",3.071,0.558,3.037,2.055,4.238
2024,108,"CThomas",3.07,0.606,3.028,2.036,4.342
1990,107,"DHSouter",0.981,0.224,0.976,0.536,1.446
1991,107,"DHSouter",0.607,0.188,0.607,0.233,0.979
1992,107,"DHSouter",0.253,0.185,0.254,-0.108,0.618
1993,107,"DHSouter",-0.238,0.194,-0.241,-0.625,0.147
1994,107,"DHSouter",-0.339,0.194,-0.339,-0.712,0.039
1995,107,"DHSouter",-0.382,0.199,-0.377,-0.785,-0.009
1996,107,"DHSouter",-0.327,0.196,-0.325,-0.703,0.047
1997,107,"DHSouter",-0.422,0.216,-0.421,-0.858,-0.01
1998,107,"DHSouter",-0.489,0.203,-0.481,-0.888,-0.109
1999,107,"DHSouter",-0.939,0.221,-0.941,-1.394,-0.526
2000,107,"DHSouter",-1.2,0.238,-1.194,-1.674,-0.751
2001,107,"DHSouter",-1.394,0.266,-1.386,-1.903,-0.889
2002,107,"DHSouter",-1.503,0.284,-1.496,-2.075,-0.974
2003,107,"DHSouter",-1.66,0.284,-1.652,-2.239,-1.104
2004,107,"DHSouter",-1.616,0.287,-1.612,-2.202,-1.074
2005,107,"DHSouter",-1.532,0.285,-1.524,-2.117,-1.002
2006,107,"DHSouter",-1.426,0.278,-1.415,-2.004,-0.915
2007,107,"DHSouter",-1.496,0.297,-1.486,-2.116,-0.974
2008,107,"DHSouter",-1.567,0.325,-1.554,-2.245,-0.976
2010,114,"EKagan",-1.438,0.332,-1.426,-2.113,-0.816
2011,114,"EKagan",-1.431,0.305,-1.415,-2.056,-0.873
2012,114,"EKagan",-1.683,0.299,-1.675,-2.283,-1.122
2013,114,"EKagan",-1.643,0.32,-1.634,-2.306,-1.033
2014,114,"EKagan",-1.692,0.312,-1.673,-2.338,-1.116
2015,114,"EKagan",-1.584,0.318,-1.573,-2.239,-0.986
2016,114,"EKagan",-1.63,0.317,-1.628,-2.255,-1.028
2017,114,"EKagan",-1.679,0.296,-1.665,-2.311,-1.14
2018,114,"EKagan",-1.696,0.305,-1.686,-2.298,-1.136
2019,114,"EKagan",-1.801,0.314,-1.799,-2.423,-1.182
2020,114,"EKagan",-1.875,0.324,-1.861,-2.523,-1.281
2021,114,"EKagan",-2.004,0.32,-2,-2.66,-1.401
2022,114,"EKagan",-2.069,0.348,-2.064,-2.744,-1.405
2023,114,"EKagan",-2.065,0.369,-2.054,-2.834,-1.389
2024,114,"EKagan",-1.844,0.433,-1.824,-2.734,-1.068
1953,90,"EWarren",0.007,0.219,0.011,-0.429,0.426
1954,90,"EWarren",-0.454,0.211,-0.454,-0.865,-0.046
1955,90,"EWarren",-1.081,0.22,-1.077,-1.51,-0.662
1956,90,"EWarren",-1.322,0.224,-1.316,-1.763,-0.903
1957,90,"EWarren",-1.608,0.222,-1.604,-2.053,-1.188
1958,90,"EWarren",-1.664,0.243,-1.659,-2.171,-1.206
1959,90,"EWarren",-1.577,0.233,-1.568,-2.067,-1.139
1960,90,"EWarren",-1.455,0.235,-1.445,-1.928,-1.012
1961,90,"EWarren",-1.582,0.244,-1.577,-2.074,-1.135
1962,90,"EWarren",-1.519,0.221,-1.518,-1.953,-1.104
1963,90,"EWarren",-1.458,0.221,-1.448,-1.915,-1.056
1964,90,"EWarren",-1.293,0.235,-1.29,-1.771,-0.843
1965,90,"EWarren",-1.286,0.22,-1.285,-1.713,-0.864
1966,90,"EWarren",-1.215,0.198,-1.205,-1.614,-0.83
1967,90,"EWarren",-1.284,0.219,-1.279,-1.724,-0.876
1968,90,"EWarren",-1.3,0.264,-1.287,-1.844,-0.814
1938,80,"FFrankfurter",-1.365,0.321,-1.359,-2.01,-0.759
1939,80,"FFrankfurter",-1.257,0.258,-1.251,-1.766,-0.778
1940,80,"FFrankfurter",-0.729,0.209,-0.727,-1.142,-0.324
1941,80,"FFrankfurter",0.097,0.183,0.09,-0.25,0.466
1942,80,"FFrankfurter",0.466,0.184,0.468,0.099,0.826
1943,80,"FFrankfurter",0.612,0.184,0.603,0.268,0.974
1944,80,"FFrankfurter",0.518,0.176,0.518,0.191,0.889
1945,80,"FFrankfurter",0.663,0.221,0.654,0.248,1.124
1946,80,"FFrankfurter",1.048,0.204,1.037,0.676,1.473
1947,80,"FFrankfurter",0.946,0.2,0.936,0.569,1.356
1948,80,"FFrankfurter",0.645,0.191,0.634,0.298,1.05
1949,80,"FFrankfurter",0.371,0.264,0.352,-0.112,0.925
1950,80,"FFrankfurter",0.183,0.197,0.185,-0.202,0.57
1951,80,"FFrankfurter",0.024,0.184,0.026,-0.343,0.382
1952,80,"FFrankfurter",0.011,0.165,0.008,-0.318,0.331
1953,80,"FFrankfurter",0.351,0.193,0.347,-0.024,0.751
1954,80,"FFrankfurter",0.317,0.201,0.313,-0.066,0.708
1955,80,"FFrankfurter",0.593,0.199,0.587,0.214,0.99
1956,80,"FFrankfurter",0.929,0.194,0.926,0.546,1.333
1957,80,"FFrankfurter",1.196,0.202,1.192,0.807,1.604
1958,80,"FFrankfurter",1.497,0.24,1.497,1.052,1.997
1959,80,"FFrankfurter",1.781,0.247,1.767,1.32,2.312
1960,80,"FFrankfurter",1.797,0.288,1.779,1.266,2.375
1961,80,"FFrankfurter",1.789,0.368,1.785,1.106,2.55
1939,82,"FMurphy",-1.62,0.36,-1.607,-2.329,-0.942
1940,82,"FMurphy",-1.579,0.293,-1.57,-2.19,-1.03
1941,82,"FMurphy",-1.528,0.265,-1.522,-2.064,-1.036
1942,82,"FMurphy",-1.673,0.254,-1.659,-2.196,-1.198
1943,82,"FMurphy",-1.725,0.258,-1.708,-2.249,-1.265
1944,82,"FMurphy",-1.435,0.251,-1.422,-1.948,-0.988
1945,82,"FMurphy",-1.409,0.277,-1.399,-1.987,-0.919
1946,82,"FMurphy",-1.779,0.259,-1.769,-2.293,-1.295
1947,82,"FMurphy",-1.685,0.263,-1.679,-2.235,-1.202
1948,82,"FMurphy",-1.514,0.292,-1.503,-2.102,-0.985
1946,87,"FMVinson",0.417,0.197,0.409,0.06,0.822
1947,87,"FMVinson",0.537,0.18,0.529,0.188,0.906
1948,87,"FMVinson",0.868,0.201,0.863,0.479,1.286
1949,87,"FMVinson",1.103,0.282,1.093,0.561,1.67
1950,87,"FMVinson",1.273,0.284,1.264,0.752,1.843
1951,87,"FMVinson",1.546,0.289,1.534,1.022,2.128
1952,87,"FMVinson",1.481,0.334,1.46,0.881,2.173
1937,71,"GSutherland",1.596,0.55,1.58,0.632,2.774
1969,100,"HABlackmun",1.46,0.38,1.458,0.715,2.204
1970,100,"HABlackmun",1.554,0.275,1.546,1.046,2.109
1971,100,"HABlackmun",1.629,0.231,1.627,1.19,2.085
1972,100,"HABlackmun",1.442,0.205,1.44,1.05,1.843
1973,100,"HABlackmun",1.302,0.194,1.298,0.938,1.689
1974,100,"HABlackmun",1.03,0.2,1.024,0.661,1.439
1975,100,"HABlackmun",0.85,0.175,0.848,0.524,1.203
1976,100,"HABlackmun",0.679,0.164,0.677,0.368,0.996
1977,100,"HABlackmun",0.327,0.171,0.328,-0.008,0.667
1978,100,"HABlackmun",0.147,0.154,0.142,-0.158,0.455
1979,100,"HABlackmun",-0.046,0.147,-0.046,-0.35,0.243
1980,100,"HABlackmun",-0.075,0.156,-0.076,-0.376,0.235
1981,100,"HABlackmun",-0.239,0.148,-0.238,-0.538,0.044
1982,100,"HABlackmun",-0.296,0.155,-0.288,-0.617,-0.001
1983,100,"HABlackmun",0.033,0.153,0.033,-0.267,0.329
1984,100,"HABlackmun",-0.077,0.162,-0.076,-0.395,0.24
1985,100,"HABlackmun",-0.687,0.167,-0.684,-1.031,-0.364
1986,100,"HABlackmun",-0.821,0.169,-0.818,-1.177,-0.491
1987,100,"HABlackmun",-0.874,0.192,-0.874,-1.272,-0.503
1988,100,"HABlackmun",-0.924,0.18,-0.921,-1.281,-0.593
1989,100,"HABlackmun",-0.861,0.184,-0.859,-1.229,-0.508
1990,100,"HABlackmun",-1.172,0.223,-1.163,-1.647,-0.745
1991,100,"HABlackmun",-1.441,0.259,-1.43,-1.963,-0.968
1992,100,"HABlackmun",-1.649,0.291,-1.638,-2.245,-1.123
1993,100,"HABlackmun",-1.93,0.35,-1.923,-2.683,-1.265
1937,74,"HFStone",-0.767,0.251,-0.761,-1.277,-0.301
1938,74,"HFStone",-0.691,0.211,-0.689,-1.101,-0.29
1939,74,"HFStone",-0.61,0.203,-0.609,-1.013,-0.223
1940,74,"HFStone",-0.217,0.187,-0.219,-0.579,0.158
1941,74,"HFStone",0.454,0.186,0.451,0.092,0.828
1942,74,"HFStone",0.387,0.182,0.385,0.035,0.739
1943,74,"HFStone",0.247,0.178,0.246,-0.095,0.618
1944,74,"HFStone",0.587,0.179,0.582,0.25,0.939
1945,74,"HFStone",0.731,0.272,0.729,0.211,1.279
1945,86,"HHBurton",0.514,0.231,0.512,0.087,0.977
1946,86,"HHBurton",0.526,0.188,0.523,0.164,0.881
1947,86,"HHBurton",0.829,0.191,0.824,0.465,1.213
1948,86,"HHBurton",0.939,0.204,0.929,0.56,1.364
1949,86,"HHBurton",0.942,0.273,0.943,0.4,1.478
1950,86,"HHBurton",0.979,0.241,0.977,0.525,1.46
1951,86,"HHBurton",0.939,0.226,0.934,0.529,1.391
1952,86,"HHBurton",1.278,0.23,1.271,0.841,1.732
1953,86,"HHBurton",1.343,0.251,1.333,0.866,1.849
1954,86,"HHBurton",1.269,0.241,1.261,0.814,1.764
1955,86,"HHBurton",1.266,0.227,1.26,0.837,1.72
1956,86,"HHBurton",1.157,0.214,1.147,0.764,1.605
1957,86,"HHBurton",1.023,0.211,1.016,0.64,1.451
1958,86,"HHBurton",1.068,0.375,1.066,0.346,1.782
1937,78,"HLBlack",-2.917,0.333,-2.914,-3.578,-2.272
1938,78,"HLBlack",-3.236,0.369,-3.233,-3.968,-2.529
1939,78,"HLBlack",-3.323,0.387,-3.315,-4.073,-2.586
1940,78,"HLBlack",-3.34,0.388,-3.332,-4.119,-2.612
1941,78,"HLBlack",-3.267,0.379,-3.267,-4.042,-2.552
1942,78,"HLBlack",-3.046,0.371,-3.03,-3.791,-2.355
1943,78,"HLBlack",-2.722,0.365,-2.714,-3.482,-2.057
1944,78,"HLBlack",-2.566,0.347,-2.563,-3.288,-1.926
1945,78,"HLBlack",-2.155,0.339,-2.142,-2.839,-1.512
1946,78,"HLBlack",-1.961,0.304,-1.958,-2.57,-1.39
1947,78,"HLBlack",-1.798,0.281,-1.793,-2.376,-1.257
1948,78,"HLBlack",-1.589,0.276,-1.579,-2.17,-1.074
1949,78,"HLBlack",-1.533,0.34,-1.523,-2.19,-0.903
1950,78,"HLBlack",-1.5,0.31,-1.496,-2.117,-0.916
1951,78,"HLBlack",-1.367,0.262,-1.364,-1.897,-0.882
1952,78,"HLBlack",-1.093,0.238,-1.084,-1.576,-0.659
1953,78,"HLBlack",-1.474,0.263,-1.466,-2.001,-0.972
1954,78,"HLBlack",-1.615,0.294,-1.61,-2.214,-1.066
1955,78,"HLBlack",-1.968,0.301,-1.965,-2.57,-1.383
1956,78,"HLBlack",-2.189,0.28,-2.174,-2.734,-1.66
1957,78,"HLBlack",-2.248,0.272,-2.238,-2.799,-1.746
1958,78,"HLBlack",-2.098,0.277,-2.083,-2.662,-1.574
1959,78,"HLBlack",-2.063,0.273,-2.057,-2.6,-1.553
1960,78,"HLBlack",-1.94,0.265,-1.933,-2.488,-1.425
1961,78,"HLBlack",-1.872,0.267,-1.869,-2.423,-1.36
1962,78,"HLBlack",-1.769,0.243,-1.763,-2.254,-1.304
1963,78,"HLBlack",-1.491,0.218,-1.486,-1.928,-1.079
1964,78,"HLBlack",-0.933,0.225,-0.931,-1.381,-0.509
1965,78,"HLBlack",-0.561,0.184,-0.557,-0.929,-0.225
1966,78,"HLBlack",-0.412,0.153,-0.41,-0.703,-0.124
1967,78,"HLBlack",-0.101,0.145,-0.101,-0.382,0.185
1968,78,"HLBlack",0.105,0.175,0.104,-0.222,0.455
1969,78,"HLBlack",0.088,0.172,0.088,-0.25,0.424
1970,78,"HLBlack",0,0.177,0.003,-0.35,0.335
1937,67,"JCMcReynolds",3.447,0.547,3.435,2.454,4.59
1938,67,"JCMcReynolds",3.588,0.556,3.558,2.58,4.76
1939,67,"JCMcReynolds",3.562,0.612,3.527,2.471,4.882
1940,67,"JCMcReynolds",3.384,0.713,3.379,2.084,4.884
1941,83,"JFByrnes",-0.182,0.23,-0.177,-0.645,0.256
2005,111,"JGRoberts",1.391,0.332,1.379,0.756,2.076
2006,111,"JGRoberts",1.426,0.284,1.412,0.899,2.019
2007,111,"JGRoberts",1.405,0.274,1.394,0.888,1.954
2008,111,"JGRoberts",1.501,0.267,1.493,0.998,2.029
2009,111,"JGRoberts",1.398,0.273,1.392,0.869,1.953
2010,111,"JGRoberts",1.403,0.269,1.394,0.903,1.951
2011,111,"JGRoberts",1.202,0.261,1.197,0.711,1.719
2012,111,"JGRoberts",1.108,0.242,1.102,0.644,1.585
2013,111,"JGRoberts",0.802,0.259,0.8,0.299,1.335
2014,111,"JGRoberts",0.59,0.223,0.587,0.151,1.028
2015,111,"JGRoberts",0.328,0.231,0.325,-0.123,0.786
2016,111,"JGRoberts",0.352,0.232,0.35,-0.108,0.817
2017,111,"JGRoberts",0.402,0.211,0.396,0.015,0.826
2018,111,"JGRoberts",0.415,0.213,0.412,-0.008,0.841
2019,111,"JGRoberts",0.337,0.219,0.337,-0.086,0.772
2020,111,"JGRoberts",0.519,0.229,0.517,0.081,0.959
2021,111,"JGRoberts",0.549,0.221,0.545,0.128,0.999
2022,111,"JGRoberts",0.425,0.245,0.42,-0.042,0.904
2023,111,"JGRoberts",0.43,0.237,0.435,-0.024,0.922
2024,111,"JGRoberts",0.326,0.276,0.32,-0.196,0.883
1954,91,"JHarlan2",0.845,0.325,0.84,0.238,1.477
1955,91,"JHarlan2",1.062,0.246,1.05,0.615,1.576
1956,91,"JHarlan2",1.242,0.221,1.235,0.821,1.676
1957,91,"JHarlan2",1.338,0.209,1.329,0.951,1.769
1958,91,"JHarlan2",1.494,0.238,1.489,1.05,1.987
1959,91,"JHarlan2",1.64,0.251,1.631,1.176,2.14
1960,91,"JHarlan2",1.891,0.276,1.883,1.363,2.475
1961,91,"JHarlan2",2.273,0.3,2.269,1.707,2.886
1962,91,"JHarlan2",2.564,0.307,2.558,2,3.177
1963,91,"JHarlan2",2.668,0.306,2.666,2.092,3.298
1964,91,"JHarlan2",2.446,0.323,2.442,1.832,3.079
1965,91,"JHarlan2",2.356,0.298,2.345,1.782,2.953
1966,91,"JHarlan2",2.052,0.262,2.043,1.554,2.586
1967,91,"JHarlan2",1.473,0.226,1.463,1.035,1.928
1968,91,"JHarlan2",0.77,0.212,0.763,0.39,1.208
1969,91,"JHarlan2",0.697,0.198,0.69,0.339,1.1
1970,91,"JHarlan2",0.778,0.215,0.77,0.376,1.216
1975,103,"JPStevens",0.08,0.198,0.079,-0.302,0.469
1976,103,"JPStevens",-0.173,0.147,-0.169,-0.483,0.096
1977,103,"JPStevens",-0.075,0.163,-0.08,-0.384,0.248
1978,103,"JPStevens",-0.306,0.156,-0.305,-0.622,-0.006
1979,103,"JPStevens",-0.246,0.151,-0.244,-0.548,0.045
1980,103,"JPStevens",-0.224,0.16,-0.222,-0.535,0.08
1981,103,"JPStevens",-0.216,0.154,-0.213,-0.512,0.077
1982,103,"JPStevens",-0.531,0.165,-0.527,-0.855,-0.22
1983,103,"JPStevens",-0.502,0.161,-0.499,-0.826,-0.184
1984,103,"JPStevens",-0.467,0.169,-0.464,-0.802,-0.143
1985,103,"JPStevens",-0.458,0.161,-0.456,-0.783,-0.154
1986,103,"JPStevens",-0.597,0.163,-0.594,-0.926,-0.278
1987,103,"JPStevens",-0.483,0.178,-0.482,-0.842,-0.141
1988,103,"JPStevens",-0.58,0.165,-0.58,-0.908,-0.268
1989,103,"JPStevens",-0.995,0.191,-0.988,-1.391,-0.647
1990,103,"JPStevens",-1.724,0.251,-1.715,-2.236,-1.242
1991,103,"JPStevens",-2.163,0.301,-2.152,-2.789,-1.62
1992,103,"JPStevens",-2.369,0.343,-2.353,-3.078,-1.749
1993,103,"JPStevens",-2.582,0.38,-2.574,-3.338,-1.877
1994,103,"JPStevens",-3.012,0.384,-2.998,-3.813,-2.294
1995,103,"JPStevens",-3.279,0.391,-3.265,-4.059,-2.554
1996,103,"JPStevens",-3.401,0.412,-3.392,-4.233,-2.641
1997,103,"JPStevens",-3.376,0.434,-3.36,-4.231,-2.563
1998,103,"JPStevens",-3.387,0.422,-3.378,-4.233,-2.607
1999,103,"JPStevens",-3.325,0.431,-3.31,-4.209,-2.526
2000,103,"JPStevens",-3.147,0.448,-3.123,-4.081,-2.345
2001,103,"JPStevens",-3.033,0.45,-3.01,-3.942,-2.195
2002,103,"JPStevens",-2.917,0.456,-2.901,-3.893,-2.098
2003,103,"JPStevens",-2.9,0.448,-2.888,-3.822,-2.078
2004,103,"JPStevens",-2.894,0.448,-2.879,-3.797,-2.091
2005,103,"JPStevens",-2.861,0.446,-2.831,-3.78,-2.064
2006,103,"JPStevens",-2.812,0.458,-2.787,-3.802,-2.003
2007,103,"JPStevens",-2.687,0.481,-2.658,-3.724,-1.802
2008,103,"JPStevens",-2.858,0.481,-2.831,-3.88,-1.999
2009,103,"JPStevens",-2.859,0.536,-2.828,-3.972,-1.896
2022,118,"KBJackson",-2.44,0.548,-2.413,-3.626,-1.455
2023,118,"KBJackson",-2.616,0.539,-2.599,-3.758,-1.61
2024,118,"KBJackson",-2.809,0.56,-2.781,-3.979,-1.801
1937,68,"LDBrandeis",-0.607,0.27,-0.592,-1.173,-0.109
1938,68,"LDBrandeis",-0.613,0.316,-0.596,-1.267,-0.044
1971,101,"LFPowell",1.387,0.257,1.378,0.904,1.913
1972,101,"LFPowell",1.17,0.196,1.162,0.802,1.565
1973,101,"LFPowell",1.158,0.187,1.153,0.806,1.539
1974,101,"LFPowell",1.097,0.199,1.098,0.714,1.49
1975,101,"LFPowell",0.929,0.176,0.928,0.598,1.277
1976,101,"LFPowell",0.683,0.166,0.679,0.367,1.027
1977,101,"LFPowell",0.459,0.174,0.452,0.126,0.801
1978,101,"LFPowell",0.827,0.18,0.821,0.473,1.197
1979,101,"LFPowell",0.825,0.175,0.816,0.5,1.179
1980,101,"LFPowell",0.87,0.194,0.868,0.511,1.254
1981,101,"LFPowell",1.036,0.185,1.034,0.686,1.417
1982,101,"LFPowell",1.264,0.199,1.26,0.88,1.674
1983,101,"LFPowell",1.133,0.193,1.126,0.774,1.54
1984,101,"LFPowell",0.855,0.2,0.849,0.478,1.254
1985,101,"LFPowell",0.945,0.185,0.941,0.596,1.309
1986,101,"LFPowell",0.884,0.191,0.885,0.523,1.266
2016,115,"NMGorsuch",1.127,0.354,1.122,0.438,1.837
2017,115,"NMGorsuch",1.06,0.274,1.054,0.547,1.622
2018,115,"NMGorsuch",0.974,0.262,0.969,0.465,1.506
2019,115,"NMGorsuch",0.916,0.253,0.92,0.425,1.414
2020,115,"NMGorsuch",1.069,0.259,1.068,0.558,1.577
2021,115,"NMGorsuch",0.999,0.252,0.994,0.521,1.513
2022,115,"NMGorsuch",1.057,0.277,1.055,0.529,1.617
2023,115,"NMGorsuch",1.093,0.288,1.084,0.55,1.669
2024,115,"NMGorsuch",1.082,0.34,1.068,0.461,1.773
1937,76,"OJRoberts",0.02,0.226,0.021,-0.432,0.464
1938,76,"OJRoberts",0.352,0.203,0.347,-0.035,0.761
1939,76,"OJRoberts",1.004,0.229,1.003,0.565,1.465
1940,76,"OJRoberts",1.642,0.265,1.631,1.135,2.172
1941,76,"OJRoberts",1.844,0.31,1.827,1.268,2.488
1942,76,"OJRoberts",2.103,0.35,2.073,1.465,2.835
1943,76,"OJRoberts",2.436,0.372,2.42,1.751,3.225
1944,76,"OJRoberts",2.761,0.405,2.743,2.04,3.626
1937,72,"PButler",2.069,0.43,2.046,1.306,3.002
1938,72,"PButler",2.38,0.425,2.355,1.607,3.293
1958,94,"PStewart",0.837,0.198,0.833,0.459,1.248
1959,94,"PStewart",0.58,0.169,0.575,0.254,0.929
1960,94,"PStewart",0.453,0.166,0.454,0.131,0.789
1961,94,"PStewart",0.266,0.177,0.266,-0.063,0.633
1962,94,"PStewart",0.267,0.159,0.266,-0.048,0.578
1963,94,"PStewart",0.168,0.146,0.165,-0.112,0.458
1964,94,"PStewart",0.366,0.187,0.365,0.002,0.732
1965,94,"PStewart",0.507,0.174,0.5,0.175,0.869
1966,94,"PStewart",0.59,0.16,0.59,0.284,0.906
1967,94,"PStewart",-0.094,0.144,-0.09,-0.372,0.182
1968,94,"PStewart",0.344,0.173,0.341,0.012,0.696
1969,94,"PStewart",0.454,0.177,0.456,0.12,0.793
1970,94,"PStewart",0.48,0.166,0.48,0.161,0.799
1971,94,"PStewart",0.087,0.15,0.086,-0.194,0.389
1972,94,"PStewart",0.135,0.141,0.137,-0.135,0.414
1973,94,"PStewart",0.49,0.151,0.486,0.2,0.798
1974,94,"PStewart",0.352,0.174,0.352,0.008,0.701
1975,94,"PStewart",0.49,0.155,0.488,0.198,0.796
1976,94,"PStewart",0.475,0.158,0.472,0.173,0.794
1977,94,"PStewart",0.313,0.164,0.309,-0.004,0.633
1978,94,"PStewart",0.511,0.166,0.506,0.193,0.847
1979,94,"PStewart",0.477,0.16,0.473,0.172,0.798
1980,94,"PStewart",0.729,0.201,0.725,0.35,1.153
1993,109,"RBGinsburg",-0.205,0.22,-0.206,-0.639,0.227
1994,109,"RBGinsburg",-0.456,0.206,-0.45,-0.863,-0.053
1995,109,"RBGinsburg",-0.542,0.205,-0.541,-0.95,-0.141
1996,109,"RBGinsburg",-0.604,0.21,-0.6,-1.027,-0.207
1997,109,"RBGinsburg",-0.729,0.222,-0.72,-1.166,-0.307
1998,109,"RBGinsburg",-0.799,0.222,-0.795,-1.237,-0.377
1999,109,"RBGinsburg",-1.252,0.233,-1.247,-1.723,-0.795
2000,109,"RBGinsburg",-1.489,0.253,-1.485,-1.982,-1.011
2001,109,"RBGinsburg",-1.615,0.282,-1.602,-2.179,-1.112
2002,109,"RBGinsburg",-1.678,0.289,-1.666,-2.273,-1.145
2003,109,"RBGinsburg",-1.758,0.294,-1.752,-2.353,-1.203
2004,109,"RBGinsburg",-1.684,0.295,-1.673,-2.268,-1.134
2005,109,"RBGinsburg",-1.565,0.296,-1.566,-2.129,-1.01
2006,109,"RBGinsburg",-1.68,0.29,-1.677,-2.267,-1.131
2007,109,"RBGinsburg",-1.683,0.3,-1.683,-2.29,-1.123
2008,109,"RBGinsburg",-1.74,0.294,-1.727,-2.33,-1.194
2009,109,"RBGinsburg",-1.699,0.318,-1.687,-2.341,-1.111
2010,109,"RBGinsburg",-2.101,0.337,-2.084,-2.794,-1.455
2011,109,"RBGinsburg",-2.382,0.349,-2.373,-3.083,-1.714
2012,109,"RBGinsburg",-2.487,0.378,-2.476,-3.239,-1.777
2013,109,"RBGinsburg",-2.495,0.408,-2.484,-3.319,-1.724
2014,109,"RBGinsburg",-2.59,0.421,-2.564,-3.451,-1.815
2015,109,"RBGinsburg",-2.708,0.425,-2.695,-3.589,-1.914
2016,109,"RBGinsburg",-2.82,0.429,-2.809,-3.7,-2.038
2017,109,"RBGinsburg",-2.879,0.449,-2.873,-3.805,-2.057
2018,109,"RBGinsburg",-2.919,0.478,-2.894,-3.931,-2.06
2019,109,"RBGinsburg",-2.915,0.538,-2.898,-4.022,-1.927
1941,84,"RHJackson",0.206,0.219,0.205,-0.212,0.643
1942,84,"RHJackson",0.247,0.182,0.242,-0.095,0.622
1943,84,"RHJackson",0.137,0.172,0.138,-0.203,0.464
1944,84,"RHJackson",0.206,0.174,0.203,-0.133,0.563
1945,84,"RHJackson",0.639,0.268,0.633,0.133,1.171
1946,84,"RHJackson",1.064,0.221,1.06,0.647,1.516
1947,84,"RHJackson",1.213,0.221,1.207,0.79,1.665
1948,84,"RHJackson",1.289,0.232,1.285,0.852,1.765
1949,84,"RHJackson",0.864,0.316,0.838,0.294,1.521
1950,84,"RHJackson",0.78,0.236,0.771,0.346,1.273
1951,84,"RHJackson",0.706,0.203,0.702,0.318,1.13
1952,84,"RHJackson",0.901,0.221,0.892,0.499,1.349
1953,84,"RHJackson",0.851,0.267,0.839,0.366,1.407
2005,112,"SAAlito",1.423,0.368,1.405,0.764,2.196
2006,112,"SAAlito",1.459,0.302,1.443,0.893,2.1
2007,112,"SAAlito",1.55,0.294,1.536,1.006,2.159
2008,112,"SAAlito",1.808,0.291,1.8,1.265,2.404
2009,112,"SAAlito",1.849,0.306,1.843,1.269,2.468
2010,112,"SAAlito",1.987,0.317,1.982,1.399,2.61
2011,112,"SAAlito",1.998,0.327,1.984,1.4,2.667
2012,112,"SAAlito",1.987,0.332,1.974,1.38,2.656
2013,112,"SAAlito",1.931,0.335,1.917,1.3,2.616
2014,112,"SAAlito",1.746,0.324,1.738,1.131,2.404
2015,112,"SAAlito",1.657,0.334,1.654,1.019,2.338
2016,112,"SAAlito",1.869,0.337,1.86,1.247,2.546
2017,112,"SAAlito",2.091,0.34,2.082,1.46,2.795
2018,112,"SAAlito",2.058,0.349,2.051,1.423,2.767
2019,112,"SAAlito",2.298,0.356,2.286,1.646,3.043
2020,112,"SAAlito",2.398,0.376,2.382,1.698,3.164
2021,112,"SAAlito",2.439,0.388,2.424,1.706,3.23
2022,112,"SAAlito",2.494,0.413,2.469,1.718,3.376
2023,112,"SAAlito",2.486,0.454,2.447,1.691,3.41
2024,112,"SAAlito",2.496,0.495,2.473,1.585,3.551
1981,104,"SDOConnor",1.669,0.269,1.655,1.192,2.253
1982,104,"SDOConnor",1.814,0.257,1.804,1.332,2.333
1983,104,"SDOConnor",1.774,0.24,1.765,1.326,2.276
1984,104,"SDOConnor",1.576,0.225,1.569,1.15,2.025
1985,104,"SDOConnor",1.374,0.218,1.362,0.976,1.823
1986,104,"SDOConnor",1.46,0.209,1.456,1.068,1.893
1987,104,"SDOConnor",1.617,0.234,1.611,1.176,2.082
1988,104,"SDOConnor",1.539,0.231,1.527,1.106,1.992
1989,104,"SDOConnor",1.54,0.216,1.534,1.122,1.952
1990,104,"SDOConnor",1.147,0.211,1.142,0.751,1.574
1991,104,"SDOConnor",0.697,0.195,0.694,0.319,1.097
1992,104,"SDOConnor",0.849,0.211,0.846,0.443,1.279
1993,104,"SDOConnor",1.013,0.224,1.01,0.578,1.458
1994,104,"SDOConnor",0.838,0.217,0.833,0.432,1.283
1995,104,"SDOConnor",0.881,0.22,0.877,0.445,1.326
1996,104,"SDOConnor",0.987,0.228,0.983,0.55,1.459
1997,104,"SDOConnor",1.089,0.232,1.089,0.648,1.549
1998,104,"SDOConnor",0.999,0.224,0.994,0.586,1.446
1999,104,"SDOConnor",0.887,0.217,0.886,0.473,1.317
2000,104,"SDOConnor",0.596,0.206,0.589,0.2,0.995
2001,104,"SDOConnor",0.37,0.207,0.368,-0.036,0.765
2002,104,"SDOConnor",0.267,0.211,0.266,-0.14,0.696
2003,104,"SDOConnor",0.229,0.205,0.225,-0.171,0.625
2004,104,"SDOConnor",0.122,0.231,0.122,-0.33,0.573
2005,104,"SDOConnor",0.079,0.353,0.082,-0.622,0.776
1937,79,"SFReed",-1.032,0.339,-1.016,-1.727,-0.41
1938,79,"SFReed",-1.124,0.25,-1.113,-1.634,-0.665
1939,79,"SFReed",-1.053,0.233,-1.051,-1.506,-0.593
1940,79,"SFReed",-0.731,0.202,-0.727,-1.154,-0.35
1941,79,"SFReed",-0.274,0.178,-0.276,-0.621,0.065
1942,79,"SFReed",0.163,0.168,0.163,-0.168,0.497
1943,79,"SFReed",0.158,0.172,0.155,-0.177,0.501
1944,79,"SFReed",-0.076,0.161,-0.073,-0.395,0.241
1945,79,"SFReed",0.081,0.193,0.079,-0.288,0.469
1946,79,"SFReed",0.297,0.17,0.297,-0.031,0.644
1947,79,"SFReed",0.532,0.176,0.532,0.194,0.897
1948,79,"SFReed",0.695,0.193,0.686,0.325,1.078
1949,79,"SFReed",1.082,0.261,1.076,0.589,1.601
1950,79,"SFReed",1.208,0.26,1.202,0.711,1.717
1951,79,"SFReed",1.3,0.252,1.298,0.824,1.811
1952,79,"SFReed",1.372,0.254,1.369,0.888,1.895
1953,79,"SFReed",1.515,0.266,1.508,1.007,2.068
1954,79,"SFReed",1.486,0.261,1.48,1.008,2.034
1955,79,"SFReed",1.054,0.24,1.046,0.626,1.556
1956,79,"SFReed",0.798,0.297,0.785,0.249,1.409
1994,110,"SGBreyer",-0.34,0.218,-0.339,-0.765,0.074
1995,110,"SGBreyer",-0.506,0.212,-0.504,-0.945,-0.106
1996,110,"SGBreyer",-0.755,0.216,-0.739,-1.21,-0.355
1997,110,"SGBreyer",-0.783,0.224,-0.776,-1.23,-0.346
1998,110,"SGBreyer",-0.75,0.214,-0.747,-1.18,-0.338
1999,110,"SGBreyer",-0.778,0.216,-0.776,-1.216,-0.375
2000,110,"SGBreyer",-1.233,0.238,-1.225,-1.712,-0.781
2001,110,"SGBreyer",-1.314,0.251,-1.305,-1.815,-0.856
2002,110,"SGBreyer",-1.309,0.268,-1.309,-1.855,-0.801
2003,110,"SGBreyer",-1.236,0.254,-1.228,-1.76,-0.745
2004,110,"SGBreyer",-1.065,0.255,-1.054,-1.585,-0.587
2005,110,"SGBreyer",-1.238,0.264,-1.235,-1.767,-0.724
2006,110,"SGBreyer",-1.36,0.258,-1.358,-1.871,-0.88
2007,110,"SGBreyer",-1.274,0.26,-1.261,-1.788,-0.773
2008,110,"SGBreyer",-1.186,0.247,-1.183,-1.702,-0.731
2009,110,"SGBreyer",-1.337,0.263,-1.341,-1.854,-0.84
2010,110,"SGBreyer",-1.409,0.267,-1.403,-1.955,-0.924
2011,110,"SGBreyer",-1.402,0.272,-1.392,-1.971,-0.883
2012,110,"SGBreyer",-1.391,0.281,-1.381,-1.967,-0.868
2013,110,"SGBreyer",-1.477,0.302,-1.474,-2.104,-0.906
2014,110,"SGBreyer",-1.586,0.296,-1.578,-2.197,-1.023
2015,110,"SGBreyer",-1.514,0.318,-1.509,-2.15,-0.92
2016,110,"SGBreyer",-1.597,0.317,-1.584,-2.225,-0.983
2017,110,"SGBreyer",-1.825,0.312,-1.817,-2.476,-1.235
2018,110,"SGBreyer",-1.932,0.324,-1.92,-2.588,-1.333
2019,110,"SGBreyer",-2.024,0.339,-2.003,-2.731,-1.396
2020,110,"SGBreyer",-2.14,0.37,-2.128,-2.891,-1.429
2021,110,"SGBreyer",-2.124,0.409,-2.111,-2.958,-1.354
1949,89,"SMinton",1.226,0.361,1.225,0.523,1.926
1950,89,"SMinton",1.363,0.297,1.345,0.803,1.976
1951,89,"SMinton",1.459,0.263,1.454,0.948,2.007
1952,89,"SMinton",1.275,0.241,1.273,0.825,1.766
1953,89,"SMinton",0.894,0.232,0.893,0.447,1.367
1954,89,"SMinton",0.893,0.222,0.882,0.475,1.359
1955,89,"SMinton",0.877,0.238,0.875,0.443,1.369
1956,89,"SMinton",0.841,0.376,0.839,0.122,1.608
2009,113,"SSotomayor",-1.626,0.357,-1.609,-2.327,-0.968
2010,113,"SSotomayor",-1.71,0.342,-1.695,-2.424,-1.09
2011,113,"SSotomayor",-1.902,0.354,-1.88,-2.665,-1.264
2012,113,"SSotomayor",-2.36,0.377,-2.347,-3.099,-1.644
2013,113,"SSotomayor",-2.691,0.42,-2.687,-3.539,-1.894
2014,113,"SSotomayor",-3.011,0.447,-2.999,-3.903,-2.16
2015,113,"SSotomayor",-3.267,0.473,-3.245,-4.208,-2.384
2016,113,"SSotomayor",-3.479,0.495,-3.458,-4.472,-2.589
2017,113,"SSotomayor",-3.726,0.493,-3.707,-4.789,-2.825
2018,113,"SSotomayor",-3.852,0.507,-3.811,-4.884,-2.925
2019,113,"SSotomayor",-3.966,0.54,-3.951,-5.099,-2.959
2020,113,"SSotomayor",-4.085,0.567,-4.071,-5.231,-3.059
2021,113,"SSotomayor",-4.147,0.603,-4.119,-5.393,-3.042
2022,113,"SSotomayor",-4.141,0.653,-4.111,-5.512,-2.945
2023,113,"SSotomayor",-4.166,0.686,-4.151,-5.575,-2.892
2024,113,"SSotomayor",-4.191,0.737,-4.172,-5.675,-2.796
1949,88,"TCClark",1.058,0.352,1.056,0.395,1.744
1950,88,"TCClark",1.11,0.284,1.104,0.562,1.686
1951,88,"TCClark",1.193,0.248,1.184,0.741,1.7
1952,88,"TCClark",1.171,0.222,1.165,0.762,1.616
1953,88,"TCClark",0.611,0.217,0.606,0.204,1.043
1954,88,"TCClark",0.148,0.197,0.146,-0.241,0.541
1955,88,"TCClark",0.024,0.185,0.024,-0.333,0.396
1956,88,"TCClark",0.164,0.166,0.162,-0.149,0.487
1957,88,"TCClark",0.589,0.159,0.592,0.282,0.91
1958,88,"TCClark",0.53,0.17,0.526,0.212,0.873
1959,88,"TCClark",0.352,0.159,0.349,0.046,0.682
1960,88,"TCClark",0.76,0.178,0.757,0.42,1.114
1961,88,"TCClark",0.463,0.177,0.462,0.122,0.812
1962,88,"TCClark",0.344,0.157,0.343,0.047,0.66
1963,88,"TCClark",0.052,0.143,0.056,-0.228,0.333
1964,88,"TCClark",-0.208,0.183,-0.21,-0.57,0.16
1965,88,"TCClark",-0.097,0.169,-0.097,-0.425,0.231
1966,88,"TCClark",0.111,0.161,0.109,-0.21,0.429
1967,98,"TMarshall",-1.158,0.227,-1.151,-1.634,-0.734
1968,98,"TMarshall",-1.092,0.221,-1.089,-1.548,-0.659
1969,98,"TMarshall",-0.947,0.219,-0.944,-1.379,-0.529
1970,98,"TMarshall",-0.967,0.206,-0.961,-1.388,-0.577
1971,98,"TMarshall",-1.08,0.197,-1.076,-1.474,-0.708
1972,98,"TMarshall",-1.37,0.207,-1.363,-1.792,-0.982
1973,98,"TMarshall",-1.462,0.219,-1.458,-1.9,-1.056
1974,98,"TMarshall",-1.485,0.249,-1.479,-1.98,-1.015
1975,98,"TMarshall",-2.046,0.261,-2.034,-2.575,-1.559
1976,98,"TMarshall",-2.387,0.302,-2.377,-2.998,-1.814
1977,98,"TMarshall",-2.708,0.343,-2.707,-3.385,-2.061
1978,98,"TMarshall",-3.055,0.363,-3.054,-3.81,-2.384
1979,98,"TMarshall",-3.328,0.391,-3.321,-4.112,-2.604
1980,98,"TMarshall",-3.47,0.408,-3.458,-4.305,-2.718
1981,98,"TMarshall",-3.606,0.417,-3.589,-4.432,-2.836
1982,98,"TMarshall",-3.782,0.43,-3.763,-4.665,-2.999
1983,98,"TMarshall",-3.868,0.46,-3.855,-4.803,-2.999
1984,98,"TMarshall",-3.951,0.486,-3.937,-4.951,-3.053
1985,98,"TMarshall",-4.069,0.505,-4.051,-5.143,-3.135
1986,98,"TMarshall",-4.28,0.515,-4.257,-5.406,-3.358
1987,98,"TMarshall",-4.422,0.543,-4.394,-5.56,-3.444
1988,98,"TMarshall",-4.478,0.568,-4.458,-5.708,-3.448
1989,98,"TMarshall",-4.447,0.624,-4.406,-5.752,-3.302
1990,98,"TMarshall",-4.3,0.712,-4.271,-5.823,-3.007
1942,85,"WBRutledge",-1.127,0.295,-1.119,-1.733,-0.568
1943,85,"WBRutledge",-1.161,0.237,-1.151,-1.658,-0.721
1944,85,"WBRutledge",-1.386,0.231,-1.379,-1.86,-0.964
1945,85,"WBRutledge",-1.199,0.268,-1.193,-1.758,-0.678
1946,85,"WBRutledge",-1.439,0.255,-1.428,-1.972,-0.961
1947,85,"WBRutledge",-1.766,0.272,-1.756,-2.323,-1.273
1948,85,"WBRutledge",-1.856,0.319,-1.843,-2.524,-1.276
1969,99,"WEBurger",1.981,0.347,1.971,1.328,2.702
1970,99,"WEBurger",2.177,0.318,2.172,1.601,2.826
1971,99,"WEBurger",2.403,0.285,2.393,1.859,2.988
1972,99,"WEBurger",2.191,0.273,2.19,1.677,2.738
1973,99,"WEBurger",2.196,0.263,2.189,1.7,2.727
1974,99,"WEBurger",2.115,0.275,2.118,1.588,2.658
1975,99,"WEBurger",1.984,0.255,1.978,1.507,2.505
1976,99,"WEBurger",1.93,0.244,1.921,1.47,2.42
1977,99,"WEBurger",1.534,0.229,1.53,1.094,1.999
1978,99,"WEBurger",1.413,0.218,1.405,1.006,1.87
1979,99,"WEBurger",1.254,0.205,1.253,0.872,1.678
1980,99,"WEBurger",1.519,0.231,1.512,1.093,1.967
1981,99,"WEBurger",1.698,0.223,1.691,1.276,2.155
1982,99,"WEBurger",1.589,0.242,1.585,1.13,2.078
1983,99,"WEBurger",1.82,0.253,1.817,1.335,2.344
1984,99,"WEBurger",2.12,0.286,2.116,1.572,2.694
1985,99,"WEBurger",2.236,0.328,2.229,1.632,2.918
1971,102,"WHRehnquist",3.574,0.365,3.563,2.859,4.297
1972,102,"WHRehnquist",4.003,0.374,3.992,3.289,4.777
1973,102,"WHRehnquist",4.27,0.405,4.263,3.47,5.105
1974,102,"WHRehnquist",4.364,0.436,4.357,3.526,5.278
1975,102,"WHRehnquist",4.469,0.454,4.459,3.63,5.383
1976,102,"WHRehnquist",4.439,0.483,4.429,3.543,5.402
1977,102,"WHRehnquist",4.454,0.498,4.434,3.527,5.491
1978,102,"WHRehnquist",4.489,0.486,4.47,3.587,5.477
1979,102,"WHRehnquist",4.519,0.481,4.516,3.629,5.487
1980,102,"WHRehnquist",4.376,0.485,4.372,3.462,5.301
1981,102,"WHRehnquist",4.231,0.469,4.221,3.359,5.125
1982,102,"WHRehnquist",4.156,0.452,4.15,3.304,5.064
1983,102,"WHRehnquist",4.062,0.435,4.055,3.238,4.924
1984,102,"WHRehnquist",3.842,0.423,3.836,3.067,4.714
1985,102,"WHRehnquist",3.625,0.398,3.617,2.904,4.473
1986,102,"WHRehnquist",3.347,0.377,3.337,2.665,4.11
1987,102,"WHRehnquist",2.899,0.38,2.883,2.218,3.722
1988,102,"WHRehnquist",2.774,0.359,2.755,2.114,3.524
1989,102,"WHRehnquist",2.621,0.336,2.614,1.994,3.298
1990,102,"WHRehnquist",2.409,0.32,2.403,1.809,3.067
1991,102,"WHRehnquist",2.143,0.315,2.137,1.546,2.795
1992,102,"WHRehnquist",2.064,0.301,2.058,1.504,2.671
1993,102,"WHRehnquist",1.878,0.298,1.866,1.311,2.492
1994,102,"WHRehnquist",1.874,0.288,1.87,1.348,2.467
1995,102,"WHRehnquist",1.845,0.286,1.834,1.302,2.432
1996,102,"WHRehnquist",1.691,0.289,1.679,1.153,2.274
1997,102,"WHRehnquist",1.669,0.28,1.66,1.138,2.246
1998,102,"WHRehnquist",1.876,0.274,1.87,1.341,2.404
1999,102,"WHRehnquist",1.733,0.278,1.724,1.208,2.294
2000,102,"WHRehnquist",1.672,0.269,1.661,1.174,2.245
2001,102,"WHRehnquist",1.434,0.267,1.427,0.945,1.981
2002,102,"WHRehnquist",1.265,0.269,1.253,0.754,1.819
2003,102,"WHRehnquist",1.402,0.29,1.393,0.869,1.994
2004,102,"WHRehnquist",1.469,0.333,1.461,0.844,2.129
1956,92,"WJBrennan",-0.694,0.212,-0.695,-1.115,-0.296
1957,92,"WJBrennan",-0.81,0.179,-0.799,-1.162,-0.474
1958,92,"WJBrennan",-0.846,0.187,-0.839,-1.217,-0.496
1959,92,"WJBrennan",-0.932,0.187,-0.927,-1.312,-0.575
1960,92,"WJBrennan",-0.873,0.188,-0.869,-1.247,-0.513
1961,92,"WJBrennan",-0.842,0.204,-0.837,-1.266,-0.464
1962,92,"WJBrennan",-1.232,0.2,-1.223,-1.63,-0.848
1963,92,"WJBrennan",-1.215,0.196,-1.209,-1.622,-0.852
1964,92,"WJBrennan",-1.04,0.219,-1.035,-1.48,-0.624
1965,92,"WJBrennan",-1.131,0.212,-1.128,-1.554,-0.725
1966,92,"WJBrennan",-1.152,0.2,-1.151,-1.559,-0.774
1967,92,"WJBrennan",-1.243,0.2,-1.245,-1.656,-0.876
1968,92,"WJBrennan",-1.071,0.208,-1.07,-1.492,-0.682
1969,92,"WJBrennan",-0.936,0.211,-0.931,-1.367,-0.529
1970,92,"WJBrennan",-1.055,0.209,-1.048,-1.477,-0.661
1971,92,"WJBrennan",-1.183,0.207,-1.179,-1.6,-0.795
1972,92,"WJBrennan",-1.413,0.212,-1.404,-1.836,-1.017
1973,92,"WJBrennan",-1.728,0.229,-1.718,-2.192,-1.306
1974,92,"WJBrennan",-1.922,0.268,-1.929,-2.462,-1.415
1975,92,"WJBrennan",-2.425,0.289,-2.41,-3.011,-1.893
1976,92,"WJBrennan",-2.657,0.308,-2.65,-3.292,-2.064
1977,92,"WJBrennan",-2.656,0.321,-2.65,-3.315,-2.028
1978,92,"WJBrennan",-2.566,0.317,-2.565,-3.183,-1.97
1979,92,"WJBrennan",-2.472,0.302,-2.462,-3.101,-1.92
1980,92,"WJBrennan",-2.336,0.303,-2.331,-2.948,-1.759
1981,92,"WJBrennan",-2.333,0.29,-2.328,-2.933,-1.787
1982,92,"WJBrennan",-2.111,0.3,-2.095,-2.724,-1.553
1983,92,"WJBrennan",-2.43,0.296,-2.419,-3.045,-1.881
1984,92,"WJBrennan",-2.581,0.314,-2.578,-3.208,-1.983
1985,92,"WJBrennan",-2.546,0.327,-2.54,-3.196,-1.938
1986,92,"WJBrennan",-2.794,0.331,-2.779,-3.466,-2.153
1987,92,"WJBrennan",-2.918,0.367,-2.907,-3.665,-2.232
1988,92,"WJBrennan",-3.07,0.4,-3.055,-3.9,-2.356
1989,92,"WJBrennan",-3.175,0.442,-3.155,-4.108,-2.37
1938,81,"WODouglas",-2.828,0.496,-2.819,-3.854,-1.91
1939,81,"WODouglas",-3.046,0.446,-3.027,-3.937,-2.204
1940,81,"WODouglas",-3.175,0.404,-3.161,-4.001,-2.405
1941,81,"WODouglas",-3.117,0.366,-3.114,-3.869,-2.415
1942,81,"WODouglas",-2.836,0.344,-2.823,-3.526,-2.2
1943,81,"WODouglas",-2.476,0.322,-2.47,-3.139,-1.883
1944,81,"WODouglas",-2.002,0.308,-1.99,-2.648,-1.441
1945,81,"WODouglas",-1.749,0.294,-1.745,-2.335,-1.186
1946,81,"WODouglas",-1.428,0.272,-1.419,-1.996,-0.94
1947,81,"WODouglas",-1.503,0.27,-1.488,-2.055,-1.005
1948,81,"WODouglas",-1.67,0.265,-1.652,-2.238,-1.175
1949,81,"WODouglas",-1.474,0.327,-1.46,-2.144,-0.852
1950,81,"WODouglas",-1.279,0.33,-1.263,-2.021,-0.702
1951,81,"WODouglas",-1.499,0.345,-1.48,-2.243,-0.889
1952,81,"WODouglas",-2.165,0.374,-2.145,-2.957,-1.511
1953,81,"WODouglas",-2.895,0.418,-2.877,-3.754,-2.117
1954,81,"WODouglas",-3.589,0.442,-3.577,-4.459,-2.753
1955,81,"WODouglas",-4.151,0.481,-4.149,-5.123,-3.246
1956,81,"WODouglas",-4.647,0.508,-4.647,-5.658,-3.702
1957,81,"WODouglas",-5.053,0.548,-5.033,-6.146,-3.965
1958,81,"WODouglas",-5.425,0.579,-5.409,-6.642,-4.334
1959,81,"WODouglas",-5.713,0.615,-5.702,-6.929,-4.519
1960,81,"WODouglas",-5.975,0.642,-5.976,-7.267,-4.684
1961,81,"WODouglas",-6.214,0.678,-6.221,-7.526,-4.899
1962,81,"WODouglas",-6.417,0.726,-6.413,-7.891,-5.022
1963,81,"WODouglas",-6.614,0.766,-6.613,-8.12,-5.109
1964,81,"WODouglas",-6.836,0.783,-6.838,-8.435,-5.29
1965,81,"WODouglas",-7.032,0.8,-7.004,-8.71,-5.47
1966,81,"WODouglas",-7.202,0.817,-7.198,-8.866,-5.629
1967,81,"WODouglas",-7.355,0.839,-7.334,-9.066,-5.726
1968,81,"WODouglas",-7.463,0.867,-7.45,-9.228,-5.816
1969,81,"WODouglas",-7.53,0.916,-7.519,-9.435,-5.788
1970,81,"WODouglas",-7.593,0.936,-7.586,-9.514,-5.823
1971,81,"WODouglas",-7.654,0.959,-7.619,-9.653,-5.762
1972,81,"WODouglas",-7.676,0.996,-7.639,-9.737,-5.764
1973,81,"WODouglas",-7.705,1.015,-7.671,-9.794,-5.746
1974,81,"WODouglas",-7.757,1.048,-7.749,-9.914,-5.724
1975,81,"WODouglas",-7.762,1.1,-7.747,-9.985,-5.642
