period,as_of,sheet,rows,cols,group_header_row,location_col_header,active_duty_columns,overseas_rows,prepared,drs
0809,"September 30, 2008",LOCATION COUNTRY REPORT,235,23,6,LOCATION STATE / COUNTRY,"ARMY,NAVY,MARINE CORPS,AIR FORCE,COAST GUARD,TOTAL",166,"January 27, 2017",DRS # 54601
1309,"September 30, 2013",LOCATION COUNTRY REPORT,243,23,6,LOCATION STATE / COUNTRY,"ARMY,NAVY,MARINE CORPS,AIR FORCE,COAST GUARD,TOTAL",174,"January 27, 2017",DRS # 54601
1709_old,"September 30, 2017",LOCATION COUNTRY REPORT,245,23,6,LOCATION STATE / COUNTRY,"ARMY,NAVY,MARINE CORPS,AIR FORCE,COAST GUARD,TOTAL",174,"November 27, 2017",DRS # 103763
1712,"December 31, 2017",LOCATION COUNTRY REPORT,249,23,6,DUTY STATE / COUNTRY,"ARMY,NAVY,MARINE CORPS,AIR FORCE,COAST GUARD,TOTAL",178,"March 30, 2018",DRS # 103763
1803,"March 31, 2018",LOCATION COUNTRY REPORT,239,23,6,DUTY STATE / COUNTRY,"ARMY,NAVY,MARINE CORPS,AIR FORCE,COAST GUARD,TOTAL",168,"March 30, 2018",DRS # 103763
1809,"September 30, 2018",LOCATION COUNTRY REPORT,239,23,6,DUTY STATE / COUNTRY,"ARMY,NAVY,MARINE CORPS,AIR FORCE,COAST GUARD,TOTAL",167,"August 1, 2019",DRS # 103763
2309,"September 30, 2023",LOCATION COUNTRY REPORT,255,24,8,DUTY STATE / COUNTRY,"ARMY,NAVY,MARINE CORPS,AIR FORCE,SPACE FORCE,COAST GUARD,TOTAL",180,"November 15, 2023",DRS# 103763
2403,"March 31, 2024",LOCATION COUNTRY REPORT,252,24,8,DUTY STATE / COUNTRY,"ARMY,NAVY,MARINE CORPS,AIR FORCE,SPACE FORCE,COAST GUARD,TOTAL",177,"May 9, 2024",DRS# 103763
2212,"December 31, 2022",LOCATION COUNTRY REPORT,255,23,8,DUTY STATE / COUNTRY,"ARMY***,NAVY,MARINE CORPS,AIR FORCE/SPACE FORCE,COAST GUARD,TOTAL",178,"March 1, 2023",DRS# 103763
2603,"March 31, 2026",LOCATION COUNTRY REPORT,277,24,5,DUTY STATE / COUNTRY,"ARMY,NAVY,MARINE CORPS,AIR FORCE,SPACE FORCE,COAST GUARD,TOTAL",172,"May 07, 2026",DRS# 163396
1812,"December 31, 2018",LOCATION COUNTRY REPORT,241,23,6,DUTY STATE / COUNTRY,"ARMY,NAVY,MARINE CORPS,AIR FORCE,COAST GUARD,TOTAL",169,"August 1, 2019",DRS # 103763
