period,as_of,row_label,active_duty,guard_reserve,grand_total,note
1709_old,"September 30, 2017",AFGHANISTAN,13329,1969,16500,
1709_old,"September 30, 2017",IRAQ,7402,1490,9123,
1709_old,"September 30, 2017",SYRIA,1547,173,1723,
1712,"December 31, 2017",AFGHANISTAN*,,,,row printed with blank cells
1712,"December 31, 2017",IRAQ*,,,,row printed with blank cells
1712,"December 31, 2017",SYRIA*,,,,row printed with blank cells
1803,"March 31, 2018",AFGHANISTAN*,,,,row printed with blank cells
1803,"March 31, 2018",IRAQ*,,,,row printed with blank cells
1803,"March 31, 2018",SYRIA*,,,,row printed with blank cells
