year,troopdata_file,country,dmdc_ad,troopdata_ad,diff
2008,Sep-quarter,CONGO,3,2,-1
2008,Sep-quarter,UNKNOWN,29510,0,-29510
2008,Sep-quarter,BRITISH ATLANTIC OCEAN TERRITORY,4,0,-4
2008,Sep-quarter,BRITISH INDIAN OCEAN TERRITORY,322,0,-322
2008,Sep-quarter,ANTIGUA AND BARBUDA,3,0,-3
2008,Sep-quarter,PUERTO RICO,591,0,-591
2008,Sep-quarter,MARSHALL ISLANDS,14,0,-14
2008,Sep-quarter,UNION OF SOVIET SOCIALIST REPUBLICS,3,0,-3
2008,Sep-quarter,CHINA,22,42,20
2008,Sep-quarter,HONG KONG,20,0,-20
2008,Sep-quarter,YEMEN,10,0,-10
2008,country-year,VIETNAM,8,22,14
2008,country-year,VENEZUELA,8,22,14
2008,country-year,HAITI,32,41,9
2008,country-year,NIGER,1,7,6
2008,country-year,LIBERIA,8,21,13
2008,country-year,EL SALVADOR,30,58,28
2008,country-year,SUDAN,3,7,4
2008,country-year,SINGAPORE,213,343,130
2008,country-year,PARAGUAY,5,15,10
2008,country-year,BAHAMAS,35,76,41
2008,country-year,URUGUAY,8,22,14
2008,country-year,IVORY COAST,2,0,-2
2008,country-year,ITALY,11808,22102,10294
2008,country-year,ROMANIA,13,32,19
2008,country-year,FRANCE,45,101,56
2008,country-year,FIJI,1,2,1
2008,country-year,SOMALIA,529,555,26
2008,country-year,IRAN,1,2,1
2008,country-year,PANAMA,11,27,16
2008,country-year,INDIA,14,41,27
2008,country-year,KENYA,23,73,50
2008,country-year,PERU,33,75,42
2008,country-year,SYRIA,3,12,9
2008,country-year,NORTHERN MARIANA ISLANDS,3,0,-3
2008,country-year,QATAR,6426,7506,1080
2008,country-year,SOUTH AFRICA,103,131,28
2008,country-year,OMAN,51,84,33
2008,country-year,LATVIA,1,7,6
2008,country-year,NORWAY,76,151,75
2008,country-year,PORTUGAL,785,1570,785
2008,country-year,DJIBOUTI,1031,3647,2616
2008,country-year,CAMBODIA,5,17,12
2008,country-year,ISRAEL,27,71,44
2008,country-year,ARGENTINA,16,46,30
2008,country-year,TANZANIA,3,12,9
2008,country-year,ECUADOR,33,72,39
2008,country-year,SWITZERLAND,8,26,18
2008,country-year,BARBADOS,3,11,8
2008,country-year,JAMAICA,6,15,9
2008,country-year,MOZAMBIQUE,1,5,4
2008,country-year,SAUDI ARABIA,347,812,465
2008,country-year,TURKEY,1774,3499,1725
2008,country-year,WAKE ISLAND,2,4,2
2008,country-year,CAMEROON,3,11,8
2008,country-year,ALGERIA,4,14,10
2008,country-year,HUNGARY,11,27,16
2008,country-year,KAZAKHSTAN,7,22,15
2008,country-year,BELIZE,2,4,2
2008,country-year,PHILIPPINES,4435,4577,142
2008,country-year,AMERICAN SAMOA,74,401,327
2008,country-year,KOSOVO,1,1239,1238
2008,country-year,MONGOLIA,3,7,4
2008,country-year,CANADA,93,228,135
2008,country-year,RUSSIA,27,233,206
2008,country-year,GUAM,5548,10740,5192
2008,country-year,TAJIKISTAN,7,14,7
2008,country-year,ICELAND,1,2,1
2008,country-year,DIEGO GARCIA,0,244,244
2008,country-year,NETHERLANDS,577,1127,550
2008,country-year,MALTA,4,13,9
2008,country-year,SWEDEN,7,20,13
2008,country-year,BOTSWANA,2,8,6
2008,country-year,ARMENIA,3,11,8
2008,country-year,GREENLAND,138,272,134
2008,country-year,IRAQ,110793,136285,25492
2008,country-year,UGANDA,5,14,9
2008,country-year,BOSNIA AND HERZEGOVINA,3,0,-3
2008,country-year,SIERRA LEONE,3,6,3
2008,country-year,SOUTH KOREA,25772,50975,25203
2008,country-year,NIGERIA,6,25,19
2008,country-year,JORDAN,49,85,36
2008,country-year,KYRGYZSTAN,658,1064,406
2008,country-year,CONGO,3,0,-3
2008,country-year,BELGIUM,1269,2539,1270
2008,country-year,UNKNOWN,29510,0,-29510
2008,country-year,SERBIA,13,0,-13
2008,country-year,SRI LANKA,2,9,7
2008,country-year,UNITED ARAB EMIRATES,1555,1741,186
2008,country-year,DOMINICAN REPUBLIC,13,33,20
2008,country-year,UZBEKISTAN,4,11,7
2008,country-year,BRAZIL,19,56,37
2008,country-year,EGYPT,293,634,341
2008,country-year,GREECE,403,770,367
2008,country-year,BOLIVIA,9,27,18
2008,country-year,MYANMAR,4,15,11
2008,country-year,MALAYSIA,8,21,13
2008,country-year,AUSTRALIA,99,239,140
2008,country-year,FINLAND,6,23,17
2008,country-year,ZAMBIA,3,9,6
2008,country-year,MOROCCO,11,24,13
2008,country-year,GUYANA,1,2,1
2008,country-year,CROATIA,6,19,13
2008,country-year,LEBANON,2,5,3
2008,country-year,NEW ZEALAND,6,16,10
2008,country-year,SENEGAL,2,9,7
2008,country-year,KUWAIT,42291,58192,15901
2008,country-year,BRITISH ATLANTIC OCEAN TERRITORY,4,0,-4
2008,country-year,ZIMBABWE,3,11,8
2008,country-year,DENMARK,17,34,17
2008,country-year,GUATEMALA,7,21,14
2008,country-year,POLAND,30,63,33
2008,country-year,AFGHANISTAN,23359,61885,38526
2008,country-year,BRITISH INDIAN OCEAN TERRITORY,322,0,-322
2008,country-year,CUBA,1667,2741,1074
2008,country-year,INDONESIA,17,43,26
2008,country-year,ANTIGUA AND BARBUDA,3,0,-3
2008,country-year,COLOMBIA,88,202,114
2008,country-year,MOLDOVA,1,8,7
2008,country-year,TUNISIA,10,25,15
2008,country-year,GEORGIA,5,23,18
2008,country-year,GHANA,10,23,13
2008,country-year,UNITED KINGDOM,9042,19131,10089
2008,country-year,BAHRAIN,4347,6114,1767
2008,country-year,BULGARIA,10,21,11
2008,country-year,SLOVAKIA,4,14,10
2008,country-year,HONDURAS,412,841,429
2008,country-year,SLOVENIA,2,9,7
2008,country-year,PUERTO RICO,591,13181,12590
2008,country-year,JAPAN,42521,79296,36775
2008,country-year,MARSHALL ISLANDS,14,28,14
2008,country-year,US VIRGIN ISLANDS,31,858,827
2008,country-year,CZECH REPUBLIC,6,0,-6
2008,country-year,CYPRUS,9,26,17
2008,country-year,COSTA RICA,2,9,7
2008,country-year,UNION OF SOVIET SOCIALIST REPUBLICS,3,0,-3
2008,country-year,GABON,2,3,1
2008,country-year,ETHIOPIA,7,16,9
2008,country-year,SPAIN,1308,2543,1235
2008,country-year,NEPAL,2,10,8
2008,country-year,MALI,3,11,8
2008,country-year,ALBANIA,1,11,10
2008,country-year,THAILAND,219,330,111
2008,country-year,CHILE,25,60,35
2008,country-year,MACEDONIA,4,0,-4
2008,country-year,ESTONIA,2,10,8
2008,country-year,PAKISTAN,85,123,38
2008,country-year,BURUNDI,1,7,6
2008,country-year,IRELAND,1,8,7
2008,country-year,MAURITANIA,1,8,7
2008,country-year,UKRAINE,10,22,12
2008,country-year,MADAGASCAR,1,4,3
2008,country-year,AUSTRIA,10,30,20
2008,country-year,AZERBAIJAN,7,16,9
2008,country-year,CHAD,4,13,9
2008,country-year,GERMANY,38791,110855,72064
2008,country-year,MEXICO,18,46,28
2008,country-year,TURKMENISTAN,10,16,6
2008,country-year,HONG KONG,20,89,69
2008,country-year,LITHUANIA,4,13,9
2008,country-year,YEMEN,10,21,11
2008,country-year,GUINEA,3,11,8
2008,country-year,LAOS,3,6,3
2008,country-year,NICARAGUA,10,26,16
2008,country-year,BANGLADESH,2,9,7
2009,Sep-quarter,"GERMANY, FEDERAL REPUBLIC OF",1,0,-1
2009,Sep-quarter,CONGO,4,3,-1
2009,Sep-quarter,UNKNOWN,23026,0,-23026
2009,Sep-quarter,SPRATLY ISLANDS,75,0,-75
2009,Sep-quarter,BRITISH ATLANTIC OCEAN TERRITORY,4,0,-4
2009,Sep-quarter,BRITISH INDIAN OCEAN TERRITORY,304,0,-304
2009,Sep-quarter,ANTIGUA AND BARBUDA,3,0,-3
2009,Sep-quarter,TRUCIAL STATES,1,0,-1
2009,Sep-quarter,PUERTO RICO,643,0,-643
2009,Sep-quarter,MARSHALL ISLANDS,18,0,-18
2009,Sep-quarter,UNION OF SOVIET SOCIALIST REPUBLICS,3,0,-3
2009,Sep-quarter,CHINA,20,39,19
2009,Sep-quarter,HONG KONG,19,0,-19
2009,Sep-quarter,YEMEN,34,0,-34
2009,country-year,"GERMANY, FEDERAL REPUBLIC OF",1,0,-1
2009,country-year,EL SALVADOR,27,33,6
2009,country-year,IVORY COAST,3,0,-3
2009,country-year,ITALY,11003,11125,122
2009,country-year,KENYA,43,68,25
2009,country-year,PERU,38,40,2
2009,country-year,NORTHERN MARIANA ISLANDS,3,0,-3
2009,country-year,QATAR,9383,11625,2242
2009,country-year,OMAN,37,39,2
2009,country-year,DJIBOUTI,955,1779,824
2009,country-year,TANZANIA,6,12,6
2009,country-year,ECUADOR,23,24,1
2009,country-year,SAUDI ARABIA,351,540,189
2009,country-year,TURKEY,1812,1975,163
2009,country-year,KAZAKHSTAN,69,70,1
2009,country-year,PHILIPPINES,473,511,38
2009,country-year,AMERICAN SAMOA,65,439,374
2009,country-year,KOSOVO,28,122,94
2009,country-year,RUSSIA,26,30,4
2009,country-year,GUAM,5578,7856,2278
2009,country-year,IRAQ,72368,101206,28838
2009,country-year,UGANDA,38,50,12
2009,country-year,BOSNIA AND HERZEGOVINA,3,0,-3
2009,country-year,JORDAN,95,99,4
2009,country-year,KYRGYZSTAN,3169,3962,793
2009,country-year,CONGO,4,0,-4
2009,country-year,UNKNOWN,23026,0,-23026
2009,country-year,TRINIDAD AND TOBAGO,1,0,-1
2009,country-year,UNITED ARAB EMIRATES,1535,1625,90
2009,country-year,SPRATLY ISLANDS,75,0,-75
2009,country-year,UZBEKISTAN,4,5,1
2009,country-year,EGYPT,264,287,23
2009,country-year,KUWAIT,30974,48878,17904
2009,country-year,BRITISH ATLANTIC OCEAN TERRITORY,4,0,-4
2009,country-year,POLAND,30,33,3
2009,country-year,AFGHANISTAN,47520,59054,11534
2009,country-year,BRITISH INDIAN OCEAN TERRITORY,304,0,-304
2009,country-year,CUBA,1484,1550,66
2009,country-year,ANTIGUA AND BARBUDA,3,0,-3
2009,country-year,TRUCIAL STATES,1,0,-1
2009,country-year,BAHRAIN,4369,4642,273
2009,country-year,PUERTO RICO,643,12407,11764
2009,country-year,JAPAN,47913,48017,104
2009,country-year,US VIRGIN ISLANDS,37,905,868
2009,country-year,CZECH REPUBLIC,6,0,-6
2009,country-year,UNION OF SOVIET SOCIALIST REPUBLICS,3,0,-3
2009,country-year,ETHIOPIA,9,16,7
2009,country-year,SPAIN,1358,1385,27
2009,country-year,MACEDONIA,6,0,-6
2009,country-year,PAKISTAN,144,157,13
2009,country-year,GERMANY,45654,46411,757
2009,country-year,TURKMENISTAN,8,11,3
2009,country-year,NICARAGUA,933,980,47
2011,Sep-quarter,"GERMANY, FEDERAL REPUBLIC OF",1,0,-1
2011,Sep-quarter,CONGO,4,1,-3
2011,Sep-quarter,UNKNOWN,21673,0,-21673
2011,Sep-quarter,SPRATLY ISLANDS,2,0,-2
2011,Sep-quarter,BRITISH ATLANTIC OCEAN TERRITORY,4,0,-4
2011,Sep-quarter,BRITISH INDIAN OCEAN TERRITORY,468,0,-468
2011,Sep-quarter,ANTIGUA AND BARBUDA,3,0,-3
2011,Sep-quarter,TRUCIAL STATES,1,0,-1
2011,Sep-quarter,PUERTO RICO,680,0,-680
2011,Sep-quarter,MARSHALL ISLANDS,18,0,-18
2011,Sep-quarter,SEYCHELLES,25,0,-25
2011,Sep-quarter,UNION OF SOVIET SOCIALIST REPUBLICS,2,0,-2
2011,Sep-quarter,CHINA,20,38,18
2011,Sep-quarter,HONG KONG,18,0,-18
2011,Sep-quarter,YEMEN,30,0,-30
2011,country-year,LIBERIA,8,17,9
2011,country-year,"GERMANY, FEDERAL REPUBLIC OF",1,0,-1
2011,country-year,EL SALVADOR,27,32,5
2011,country-year,SINGAPORE,206,209,3
2011,country-year,IVORY COAST,3,0,-3
2011,country-year,ITALY,10451,10553,102
2011,country-year,SOMALIA,178,182,4
2011,country-year,PANAMA,21,22,1
2011,country-year,KENYA,62,115,53
2011,country-year,PERU,34,37,3
2011,country-year,NORTHERN MARIANA ISLANDS,3,0,-3
2011,country-year,QATAR,11812,14494,2682
2011,country-year,OMAN,262,286,24
2011,country-year,RWANDA,1,3,2
2011,country-year,DJIBOUTI,1417,2184,767
2011,country-year,TANZANIA,9,12,3
2011,country-year,SAUDI ARABIA,524,556,32
2011,country-year,TURKEY,1651,1779,128
2011,country-year,AMERICAN SAMOA,2,296,294
2011,country-year,KOSOVO,68,807,739
2011,country-year,RUSSIA,24,27,3
2011,country-year,GUAM,5470,7921,2451
2011,country-year,TAJIKISTAN,18,43,25
2011,country-year,IRAQ,28675,38603,9928
2011,country-year,UGANDA,23,44,21
2011,country-year,BOSNIA AND HERZEGOVINA,3,0,-3
2011,country-year,JORDAN,195,218,23
2011,country-year,KYRGYZSTAN,10194,12135,1941
2011,country-year,CONGO,4,0,-4
2011,country-year,UNKNOWN,21673,0,-21673
2011,country-year,TRINIDAD AND TOBAGO,1,0,-1
2011,country-year,COMOROS,2,5,3
2011,country-year,UNITED ARAB EMIRATES,1851,1975,124
2011,country-year,SPRATLY ISLANDS,2,0,-2
2011,country-year,UZBEKISTAN,5,6,1
2011,country-year,BRAZIL,23,24,1
2011,country-year,MOROCCO,14,16,2
2011,country-year,LEBANON,7,9,2
2011,country-year,KUWAIT,16881,28993,12112
2011,country-year,BRITISH ATLANTIC OCEAN TERRITORY,4,0,-4
2011,country-year,POLAND,33,34,1
2011,country-year,AFGHANISTAN,82177,99366,17189
2011,country-year,BRITISH INDIAN OCEAN TERRITORY,468,0,-468
2011,country-year,CUBA,843,908,65
2011,country-year,INDONESIA,17,18,1
2011,country-year,ANTIGUA AND BARBUDA,3,0,-3
2011,country-year,TUNISIA,7,8,1
2011,country-year,TRUCIAL STATES,1,0,-1
2011,country-year,UNITED KINGDOM,8673,8784,111
2011,country-year,BAHRAIN,4623,4995,372
2011,country-year,PUERTO RICO,680,13611,12931
2011,country-year,JAPAN,48235,48378,143
2011,country-year,US VIRGIN ISLANDS,32,879,847
2011,country-year,CZECH REPUBLIC,8,0,-8
2011,country-year,SEYCHELLES,25,27,2
2011,country-year,UNION OF SOVIET SOCIALIST REPUBLICS,2,0,-2
2011,country-year,ETHIOPIA,98,140,42
2011,country-year,SPAIN,1591,1653,62
2011,country-year,MALI,3,4,1
2011,country-year,MACEDONIA,6,0,-6
2011,country-year,PAKISTAN,121,124,3
2011,country-year,UKRAINE,16,17,1
2011,country-year,GERMANY,43393,44047,654
2011,country-year,TURKMENISTAN,9,10,1
2011,country-year,BURKINA FASO,5,6,1
2013,Sep-quarter,"GERMANY, FEDERAL REPUBLIC OF",1,0,-1
2013,Sep-quarter,CONGO,15,5,-10
2013,Sep-quarter,UNKNOWN,13655,0,-13655
2013,Sep-quarter,SERBIA,13,7,-6
2013,Sep-quarter,BRITISH ATLANTIC OCEAN TERRITORY,3,0,-3
2013,Sep-quarter,BRITISH INDIAN OCEAN TERRITORY,451,0,-451
2013,Sep-quarter,ANTIGUA AND BARBUDA,2,0,-2
2013,Sep-quarter,PUERTO RICO,667,0,-667
2013,Sep-quarter,MARSHALL ISLANDS,17,0,-17
2013,Sep-quarter,CHINA,63,76,13
2013,Sep-quarter,HONG KONG,13,0,-13
2013,Sep-quarter,YEMEN,248,0,-248
2013,country-year,NIGER,97,103,6
2013,country-year,"GERMANY, FEDERAL REPUBLIC OF",1,0,-1
2013,country-year,EL SALVADOR,38,41,3
2013,country-year,IVORY COAST,8,0,-8
2013,country-year,LIBYA,73,105,32
2013,country-year,SOMALIA,310,314,4
2013,country-year,KENYA,120,132,12
2013,country-year,NORTHERN MARIANA ISLANDS,5,0,-5
2013,country-year,QATAR,5919,7425,1506
2013,country-year,OMAN,69,116,47
2013,country-year,DJIBOUTI,2084,2585,501
2013,country-year,TANZANIA,11,15,4
2013,country-year,SAUDI ARABIA,654,677,23
2013,country-year,CAMEROON,16,17,1
2013,country-year,HUNGARY,65,66,1
2013,country-year,KAZAKHSTAN,16,17,1
2013,country-year,AMERICAN SAMOA,4,331,327
2013,country-year,KOSOVO,514,763,249
2013,country-year,GUAM,5467,7465,1998
2013,country-year,TAJIKISTAN,32,34,2
2013,country-year,IRAQ,138,149,11
2013,country-year,UGANDA,52,66,14
2013,country-year,BOSNIA AND HERZEGOVINA,9,0,-9
2013,country-year,JORDAN,1140,1419,279
2013,country-year,KYRGYZSTAN,3222,4096,874
2013,country-year,CONGO,15,0,-15
2013,country-year,UNKNOWN,13655,0,-13655
2013,country-year,TRINIDAD AND TOBAGO,7,0,-7
2013,country-year,SERBIA,13,0,-13
2013,country-year,UNITED ARAB EMIRATES,3384,3759,375
2013,country-year,UZBEKISTAN,15,16,1
2013,country-year,KUWAIT,8109,12557,4448
2013,country-year,BRITISH ATLANTIC OCEAN TERRITORY,3,0,-3
2013,country-year,GUATEMALA,23,24,1
2013,country-year,AFGHANISTAN,48807,61059,12252
2013,country-year,BRITISH INDIAN OCEAN TERRITORY,451,0,-451
2013,country-year,CUBA,978,1061,83
2013,country-year,INDONESIA,27,28,1
2013,country-year,ANTIGUA AND BARBUDA,2,0,-2
2013,country-year,UNITED KINGDOM,9045,9154,109
2013,country-year,BAHRAIN,6308,6859,551
2013,country-year,BULGARIA,17,18,1
2013,country-year,PUERTO RICO,667,14054,13387
2013,country-year,JAPAN,52972,53115,143
2013,country-year,US VIRGIN ISLANDS,33,901,868
2013,country-year,CZECH REPUBLIC,16,0,-16
2013,country-year,ETHIOPIA,58,63,5
2013,country-year,MACEDONIA,13,0,-13
2013,country-year,PAKISTAN,87,89,2
2013,country-year,BURUNDI,10,11,1
2013,country-year,GERMANY,35849,36297,448
2013,country-year,BURKINA FASO,34,36,2
2013,country-year,NICARAGUA,18,19,1
2015,Sep-quarter,CONGO,27,11,-16
2015,Sep-quarter,UNKNOWN,13992,0,-13992
2015,Sep-quarter,BRITISH ATLANTIC OCEAN TERRITORY,3,0,-3
2015,Sep-quarter,BRITISH INDIAN OCEAN TERRITORY,486,0,-486
2015,Sep-quarter,PUERTO RICO,725,0,-725
2015,Sep-quarter,MARSHALL ISLANDS,18,0,-18
2015,Sep-quarter,AKROTIRI,1,0,-1
2015,Sep-quarter,CHINA,78,98,20
2015,Sep-quarter,HONG KONG,20,0,-20
2015,Sep-quarter,YEMEN,8,0,-8
2015,country-year,VENEZUELA,15,16,1
2015,country-year,HAITI,14,16,2
2015,country-year,NIGER,139,157,18
2015,country-year,LIBERIA,16,26,10
2015,country-year,EL SALVADOR,53,59,6
2015,country-year,PARAGUAY,14,15,1
2015,country-year,BAHAMAS,62,75,13
2015,country-year,URUGUAY,15,17,2
2015,country-year,IVORY COAST,12,0,-12
2015,country-year,ITALY,11614,12143,529
2015,country-year,FRANCE,69,70,1
2015,country-year,LIBYA,3,24,21
2015,country-year,SOMALIA,232,560,328
2015,country-year,KENYA,96,129,33
2015,country-year,NORTHERN MARIANA ISLANDS,4,0,-4
2015,country-year,QATAR,5219,6873,1654
2015,country-year,OMAN,29,76,47
2015,country-year,NORWAY,83,85,2
2015,country-year,PORTUGAL,464,633,169
2015,country-year,DJIBOUTI,1970,3585,1615
2015,country-year,CAMBODIA,16,27,11
2015,country-year,ISRAEL,56,59,3
2015,country-year,TANZANIA,16,23,7
2015,country-year,ECUADOR,15,18,3
2015,country-year,MOZAMBIQUE,9,10,1
2015,country-year,SAUDI ARABIA,515,590,75
2015,country-year,TURKEY,2081,2406,325
2015,country-year,CAMEROON,18,38,20
2015,country-year,HUNGARY,70,71,1
2015,country-year,BELIZE,26,43,17
2015,country-year,PHILIPPINES,234,237,3
2015,country-year,AMERICAN SAMOA,4,357,353
2015,country-year,KOSOVO,87,837,750
2015,country-year,CANADA,146,153,7
2015,country-year,GAMBIA,8,9,1
2015,country-year,GUAM,6531,8567,2036
2015,country-year,MALAWI,6,9,3
2015,country-year,NETHERLANDS,399,414,15
2015,country-year,GREENLAND,145,148,3
2015,country-year,IRAQ,4231,7679,3448
2015,country-year,UGANDA,42,85,43
2015,country-year,BOSNIA AND HERZEGOVINA,12,0,-12
2015,country-year,SOUTH KOREA,24934,29184,4250
2015,country-year,NIGERIA,37,38,1
2015,country-year,JORDAN,1861,2181,320
2015,country-year,KYRGYZSTAN,83,100,17
2015,country-year,CONGO,27,0,-27
2015,country-year,BELGIUM,1202,1223,21
2015,country-year,UNKNOWN,13992,0,-13992
2015,country-year,TRINIDAD AND TOBAGO,8,0,-8
2015,country-year,SERBIA,7,0,-7
2015,country-year,UNITED ARAB EMIRATES,2620,3468,848
2015,country-year,UZBEKISTAN,12,13,1
2015,country-year,EGYPT,350,838,488
2015,country-year,GREECE,371,406,35
2015,country-year,MYANMAR,12,13,1
2015,country-year,MALAYSIA,20,21,1
2015,country-year,AUSTRALIA,1201,1244,43
2015,country-year,FINLAND,12,14,2
2015,country-year,CROATIA,13,14,1
2015,country-year,LEBANON,28,135,107
2015,country-year,KUWAIT,8809,14887,6078
2015,country-year,BRITISH ATLANTIC OCEAN TERRITORY,3,0,-3
2015,country-year,DENMARK,15,18,3
2015,country-year,AFGHANISTAN,9392,19901,10509
2015,country-year,BRITISH INDIAN OCEAN TERRITORY,486,0,-486
2015,country-year,CUBA,782,948,166
2015,country-year,INDONESIA,25,26,1
2015,country-year,MOLDOVA,9,10,1
2015,country-year,GEORGIA,29,77,48
2015,country-year,GHANA,25,74,49
2015,country-year,UNITED KINGDOM,8062,8458,396
2015,country-year,BAHRAIN,5160,7776,2616
2015,country-year,SLOVAKIA,10,11,1
2015,country-year,SLOVENIA,10,12,2
2015,country-year,PUERTO RICO,725,13736,13011
2015,country-year,JAPAN,55744,71652,15908
2015,country-year,US VIRGIN ISLANDS,33,934,901
2015,country-year,CZECH REPUBLIC,20,0,-20
2015,country-year,ETHIOPIA,55,77,22
2015,country-year,NEPAL,9,11,2
2015,country-year,AKROTIRI,1,0,-1
2015,country-year,THAILAND,108,290,182
2015,country-year,ANGOLA,11,12,1
2015,country-year,CHILE,32,35,3
2015,country-year,MACEDONIA,12,0,-12
2015,country-year,PAKISTAN,116,124,8
2015,country-year,BURUNDI,20,21,1
2015,country-year,AUSTRIA,23,25,2
2015,country-year,CHAD,17,24,7
2015,country-year,GERMANY,35216,37190,1974
2015,country-year,HONG KONG,20,23,3
2015,country-year,YEMEN,8,109,101
2015,country-year,NICARAGUA,20,21,1
2015,country-year,BANGLADESH,12,13,1
2017,Sep-quarter,CURACAO,21,0,-21
2017,Sep-quarter,MARTINIQUE,53,0,-53
2017,Sep-quarter,CONGO,29,11,-18
2017,Sep-quarter,UNKNOWN,17301,0,-17301
2017,Sep-quarter,CZECHIA,5,0,-5
2017,Sep-quarter,BRITISH ATLANTIC OCEAN TERRITORY,2,0,-2
2017,Sep-quarter,BRITISH INDIAN OCEAN TERRITORY,264,0,-264
2017,Sep-quarter,PUERTO RICO,176,0,-176
2017,Sep-quarter,MARSHALL ISLANDS,18,0,-18
2017,Sep-quarter,AKROTIRI,73,0,-73
2017,Sep-quarter,SINT MAARTEN,1,0,-1
2017,Sep-quarter,CHINA,16,42,26
2017,Sep-quarter,HONG KONG,26,0,-26
2017,Sep-quarter,YEMEN,14,0,-14
2017,country-year,VIETNAM,4,23,19
2017,country-year,HAITI,14,15,1
2017,country-year,NIGER,510,547,37
2017,country-year,LIBERIA,7,13,6
2017,country-year,EL SALVADOR,55,541,486
2017,country-year,SUDAN,14,17,3
2017,country-year,SINGAPORE,206,212,6
2017,country-year,BENIN,10,20,10
2017,country-year,BAHAMAS,66,67,1
2017,country-year,IVORY COAST,4,0,-4
2017,country-year,ITALY,11756,12615,859
2017,country-year,FRANCE,49,76,27
2017,country-year,FIJI,2,3,1
2017,country-year,LIBYA,8,128,120
2017,country-year,SOMALIA,285,314,29
2017,country-year,INDIA,16,37,21
2017,country-year,PERU,59,69,10
2017,country-year,SYRIA,1547,1720,173
2017,country-year,NORTHERN MARIANA ISLANDS,2,0,-2
2017,country-year,QATAR,4666,6567,1901
2017,country-year,SOUTH AFRICA,48,56,8
2017,country-year,OMAN,28,30,2
2017,country-year,LATVIA,6,12,6
2017,country-year,BOSNIA & HERZEGOVINA,0,425,425
2017,country-year,PORTUGAL,192,215,23
2017,country-year,DJIBOUTI,3132,4694,1562
2017,country-year,CAMBODIA,5,10,5
2017,country-year,ISRAEL,41,50,9
2017,country-year,CURACAO,21,0,-21
2017,country-year,ARGENTINA,24,26,2
2017,country-year,CENTRAL AFRICAN REPUBLIC,1,31,30
2017,country-year,TANZANIA,14,16,2
2017,country-year,ECUADOR,24,26,2
2017,country-year,SWITZERLAND,5,21,16
2017,country-year,BARBADOS,11,13,2
2017,country-year,MOZAMBIQUE,10,11,1
2017,country-year,SAUDI ARABIA,402,634,232
2017,country-year,TURKEY,1950,2176,226
2017,country-year,CAMEROON,41,47,6
2017,country-year,ALGERIA,8,18,10
2017,country-year,KAZAKHSTAN,11,25,14
2017,country-year,BELIZE,3,69,66
2017,country-year,PHILIPPINES,101,178,77
2017,country-year,AMERICAN SAMOA,1,1061,1060
2017,country-year,KOSOVO,384,710,326
2017,country-year,MONGOLIA,3,14,11
2017,country-year,CANADA,129,142,13
2017,country-year,RUSSIA,29,46,17
2017,country-year,GUAM,4590,6460,1870
2017,country-year,TAJIKISTAN,4,14,10
2017,country-year,ICELAND,20,27,7
2017,country-year,NETHERLANDS,407,429,22
2017,country-year,MALTA,5,12,7
2017,country-year,SWEDEN,7,15,8
2017,country-year,MARTINIQUE,53,0,-53
2017,country-year,BOTSWANA,16,17,1
2017,country-year,ARMENIA,3,12,9
2017,country-year,GREENLAND,154,163,9
2017,country-year,IRAQ,7402,15015,7613
2017,country-year,UGANDA,61,122,61
2017,country-year,BOSNIA AND HERZEGOVINA,5,0,-5
2017,country-year,SIERRA LEONE,3,11,8
2017,country-year,SOUTH KOREA,23635,24168,533
2017,country-year,NIGERIA,8,32,24
2017,country-year,JORDAN,1862,2718,856
2017,country-year,KYRGYZSTAN,65,80,15
2017,country-year,CONGO,29,0,-29
2017,country-year,BELGIUM,867,915,48
2017,country-year,UNKNOWN,17301,0,-17301
2017,country-year,TRINIDAD AND TOBAGO,9,0,-9
2017,country-year,SERBIA,11,0,-11
2017,country-year,SRI LANKA,4,11,7
2017,country-year,KIRIBATI,0,112,112
2017,country-year,UNITED ARAB EMIRATES,3455,4204,749
2017,country-year,DOMINICAN REPUBLIC,22,23,1
2017,country-year,UZBEKISTAN,5,12,7
2017,country-year,BRAZIL,59,60,1
2017,country-year,EGYPT,375,492,117
2017,country-year,MYANMAR,3,12,9
2017,country-year,MALAYSIA,11,22,11
2017,country-year,AUSTRALIA,1239,1391,152
2017,country-year,CZECHIA,5,15,10
2017,country-year,FINLAND,12,19,7
2017,country-year,ZAMBIA,11,35,24
2017,country-year,MOROCCO,16,38,22
2017,country-year,CROATIA,3,12,9
2017,country-year,LEBANON,58,125,67
2017,country-year,NEW ZEALAND,4,11,7
2017,country-year,SENEGAL,23,44,21
2017,country-year,KUWAIT,9241,16197,6956
2017,country-year,BRITISH ATLANTIC OCEAN TERRITORY,2,0,-2
2017,country-year,ZIMBABWE,11,12,1
2017,country-year,DENMARK,10,17,7
2017,country-year,GUATEMALA,29,32,3
2017,country-year,AFGHANISTAN,13329,25291,11962
2017,country-year,BRITISH INDIAN OCEAN TERRITORY,264,0,-264
2017,country-year,CUBA,753,929,176
2017,country-year,INDONESIA,19,22,3
2017,country-year,MOLDOVA,1,9,8
2017,country-year,TUNISIA,98,106,8
2017,country-year,GEORGIA,1,34,33
2017,country-year,BRUNEI,4,14,10
2017,country-year,GHANA,10,17,7
2017,country-year,UNITED KINGDOM,8341,9272,931
2017,country-year,BAHRAIN,8610,9334,724
2017,country-year,BULGARIA,10,17,7
2017,country-year,SLOVAKIA,3,10,7
2017,country-year,HONDURAS,505,511,6
2017,country-year,SLOVENIA,2,10,8
2017,country-year,PUERTO RICO,176,7707,7531
2017,country-year,JAPAN,44562,45231,669
2017,country-year,MARSHALL ISLANDS,18,19,1
2017,country-year,US VIRGIN ISLANDS,5,772,767
2017,country-year,CYPRUS,14,25,11
2017,country-year,GABON,11,12,1
2017,country-year,SPAIN,3940,4000,60
2017,country-year,NEPAL,3,11,8
2017,country-year,NAMIBIA,9,10,1
2017,country-year,MALI,16,26,10
2017,country-year,AKROTIRI,73,0,-73
2017,country-year,THAILAND,309,320,11
2017,country-year,SINT MAARTEN,1,0,-1
2017,country-year,CHILE,33,36,3
2017,country-year,MACEDONIA,2,0,-2
2017,country-year,ESTONIA,5,15,10
2017,country-year,PAKISTAN,111,122,11
2017,country-year,IRELAND,2,9,7
2017,country-year,MAURITANIA,13,25,12
2017,country-year,UKRAINE,20,26,6
2017,country-year,MADAGASCAR,14,16,2
2017,country-year,AUSTRIA,3,22,19
2017,country-year,AZERBAIJAN,5,14,9
2017,country-year,CHAD,6,19,13
2017,country-year,GERMANY,34516,36680,2164
2017,country-year,MEXICO,61,72,11
2017,country-year,CHINA,16,67,51
2017,country-year,TURKMENISTAN,3,12,9
2017,country-year,HONG KONG,26,33,7
2017,country-year,GUINEA,4,11,7
2017,country-year,BURKINA FASO,24,29,5
2017,country-year,LAOS,5,14,9
2017,country-year,NICARAGUA,17,19,2
2017,country-year,BANGLADESH,5,13,8
2019,Sep-quarter,SYRIA,0,1000,1000
2019,Sep-quarter,CONGO,22,5,-17
2019,Sep-quarter,UNKNOWN,6030,0,-6030
2019,Sep-quarter,CZECHIA,8,0,-8
2019,Sep-quarter,BRITISH ATLANTIC OCEAN TERRITORY,5,0,-5
2019,Sep-quarter,AFGHANISTAN,0,13000,13000
2019,Sep-quarter,BRITISH INDIAN OCEAN TERRITORY,325,0,-325
2019,Sep-quarter,PUERTO RICO,161,0,-161
2019,Sep-quarter,MARSHALL ISLANDS,17,0,-17
2019,Sep-quarter,CHINA,18,41,23
2019,Sep-quarter,HONG KONG,23,0,-23
2019,Sep-quarter,YEMEN,7,0,-7
2019,country-year,VIETNAM,4,30,26
2019,country-year,HAITI,12,14,2
2019,country-year,NIGER,13,23,10
2019,country-year,LIBERIA,5,14,9
2019,country-year,EL SALVADOR,56,62,6
2019,country-year,SUDAN,14,15,1
2019,country-year,SINGAPORE,200,216,16
2019,country-year,BENIN,2,7,5
2019,country-year,PARAGUAY,11,15,4
2019,country-year,BAHAMAS,69,71,2
2019,country-year,URUGUAY,16,18,2
2019,country-year,IVORY COAST,3,0,-3
2019,country-year,ROMANIA,108,131,23
2019,country-year,FRANCE,57,76,19
2019,country-year,LIBYA,2,7,5
2019,country-year,SURINAME,3,4,1
2019,country-year,INDIA,20,37,17
2019,country-year,KENYA,44,53,9
2019,country-year,PERU,44,49,5
2019,country-year,NORTHERN MARIANA ISLANDS,2,0,-2
2019,country-year,SYRIA,0,1000,1000
2019,country-year,QATAR,545,575,30
2019,country-year,TAIWAN,8,18,10
2019,country-year,OMAN,14,22,8
2019,country-year,LATVIA,6,14,8
2019,country-year,NORWAY,556,687,131
2019,country-year,PORTUGAL,232,248,16
2019,country-year,DJIBOUTI,88,112,24
2019,country-year,CAMBODIA,4,16,12
2019,country-year,ISRAEL,69,99,30
2019,country-year,ARGENTINA,22,26,4
2019,country-year,CENTRAL AFRICAN REPUBLIC,1,9,8
2019,country-year,TANZANIA,15,16,1
2019,country-year,ECUADOR,29,31,2
2019,country-year,SWITZERLAND,28,30,2
2019,country-year,BARBADOS,11,12,1
2019,country-year,JAMAICA,11,13,2
2019,country-year,MOZAMBIQUE,8,11,3
2019,country-year,SAUDI ARABIA,314,354,40
2019,country-year,TURKEY,1659,1728,69
2019,country-year,CAMEROON,3,16,13
2019,country-year,ALGERIA,6,10,4
2019,country-year,HUNGARY,194,205,11
2019,country-year,KAZAKHSTAN,8,25,17
2019,country-year,BELIZE,8,12,4
2019,country-year,PHILIPPINES,170,205,35
2019,country-year,AMERICAN SAMOA,3,316,313
2019,country-year,MONGOLIA,4,12,8
2019,country-year,CANADA,144,146,2
2019,country-year,RUSSIA,12,39,27
2019,country-year,GUAM,5560,8896,3336
2019,country-year,TAJIKISTAN,5,10,5
2019,country-year,ICELAND,1,2,1
2019,country-year,MALAWI,9,11,2
2019,country-year,NETHERLANDS,393,409,16
2019,country-year,MALTA,5,12,7
2019,country-year,SWEDEN,9,246,237
2019,country-year,BOTSWANA,15,16,1
2019,country-year,ARMENIA,1,7,6
2019,country-year,GREENLAND,146,155,9
2019,country-year,IRAQ,0,5200,5200
2019,country-year,UGANDA,17,47,30
2019,country-year,BOSNIA AND HERZEGOVINA,3,0,-3
2019,country-year,MONTENEGRO,13,84,71
2019,country-year,SIERRA LEONE,4,12,8
2019,country-year,SOUTH KOREA,26525,26711,186
2019,country-year,NIGERIA,7,35,28
2019,country-year,KYRGYZSTAN,2,10,8
2019,country-year,CONGO,22,0,-22
2019,country-year,BELGIUM,1046,1140,94
2019,country-year,UNKNOWN,6030,0,-6030
2019,country-year,TRINIDAD AND TOBAGO,9,0,-9
2019,country-year,SERBIA,9,0,-9
2019,country-year,SRI LANKA,3,11,8
2019,country-year,UNITED ARAB EMIRATES,352,379,27
2019,country-year,DOMINICAN REPUBLIC,25,26,1
2019,country-year,UZBEKISTAN,5,11,6
2019,country-year,BRAZIL,54,55,1
2019,country-year,EGYPT,276,314,38
2019,country-year,GREECE,389,403,14
2019,country-year,MYANMAR,6,13,7
2019,country-year,MALAYSIA,11,17,6
2019,country-year,CZECHIA,8,17,9
2019,country-year,FINLAND,16,34,18
2019,country-year,ZAMBIA,8,9,1
2019,country-year,MOROCCO,15,22,7
2019,country-year,CROATIA,5,14,9
2019,country-year,LEBANON,21,31,10
2019,country-year,NEW ZEALAND,8,14,6
2019,country-year,SENEGAL,11,16,5
2019,country-year,KUWAIT,1798,2094,296
2019,country-year,BRITISH ATLANTIC OCEAN TERRITORY,5,0,-5
2019,country-year,DENMARK,10,19,9
2019,country-year,GUATEMALA,29,32,3
2019,country-year,SOUTH SUDAN,14,19,5
2019,country-year,POLAND,163,175,12
2019,country-year,AFGHANISTAN,0,26000,26000
2019,country-year,BRITISH INDIAN OCEAN TERRITORY,325,0,-325
2019,country-year,CUBA,776,847,71
2019,country-year,INDONESIA,18,29,11
2019,country-year,COLOMBIA,62,66,4
2019,country-year,MOLDOVA,1,8,7
2019,country-year,GEORGIA,18,28,10
2019,country-year,BRUNEI,7,8,1
2019,country-year,GHANA,10,20,10
2019,country-year,UNITED KINGDOM,9254,9406,152
2019,country-year,BAHRAIN,4202,4396,194
2019,country-year,BULGARIA,11,23,12
2019,country-year,SLOVAKIA,3,12,9
2019,country-year,SLOVENIA,1,10,9
2019,country-year,PUERTO RICO,161,11658,11497
2019,country-year,JAPAN,55245,57366,2121
2019,country-year,MARSHALL ISLANDS,17,19,2
2019,country-year,US VIRGIN ISLANDS,7,707,700
2019,country-year,COSTA RICA,11,12,1
2019,country-year,GABON,4,10,6
2019,country-year,SPAIN,3658,3738,80
2019,country-year,NEPAL,3,8,5
2019,country-year,NAMIBIA,10,12,2
2019,country-year,MALI,13,21,8
2019,country-year,ALBANIA,4,11,7
2019,country-year,ANGOLA,14,16,2
2019,country-year,CHILE,34,39,5
2019,country-year,MACEDONIA,5,0,-5
2019,country-year,ESTONIA,4,15,11
2019,country-year,PAKISTAN,27,64,37
2019,country-year,BURUNDI,10,13,3
2019,country-year,IRELAND,10,13,3
2019,country-year,MAURITANIA,2,14,12
2019,country-year,UKRAINE,18,30,12
2019,country-year,MADAGASCAR,12,13,1
2019,country-year,AUSTRIA,3,24,21
2019,country-year,AZERBAIJAN,7,14,7
2019,country-year,CHAD,6,18,12
2019,country-year,ESWATINI,6,7,1
2019,country-year,GERMANY,35275,35729,454
2019,country-year,MEXICO,73,76,3
2019,country-year,CHINA,18,80,62
2019,country-year,TURKMENISTAN,4,11,7
2019,country-year,HONG KONG,23,25,2
2019,country-year,LITHUANIA,2,15,13
2019,country-year,YEMEN,7,22,15
2019,country-year,GUINEA,3,10,7
2019,country-year,BURKINA FASO,5,16,11
2019,country-year,LAOS,5,14,9
2019,country-year,NICARAGUA,12,14,2
2019,country-year,BANGLADESH,5,10,5
2021,Sep-quarter,"MICRONESIA, FEDERATED STATES OF",2,0,-2
2021,Sep-quarter,ZZ-UNKNOWN,5701,0,-5701
2021,Sep-quarter,MONTENEGRO,10,7,-3
2021,Sep-quarter,CONGO,26,8,-18
2021,Sep-quarter,CZECHIA,15,0,-15
2021,Sep-quarter,BRITISH ATLANTIC OCEAN TERRITORY,2,0,-2
2021,Sep-quarter,BRITISH INDIAN OCEAN TERRITORY,223,0,-223
2021,Sep-quarter,PALAU,111,0,-111
2021,Sep-quarter,PUERTO RICO,161,0,-161
2021,Sep-quarter,MARSHALL ISLANDS,17,0,-17
2021,Sep-quarter,AKROTIRI,1,0,-1
2021,Sep-quarter,CHINA,51,66,15
2021,Sep-quarter,HONG KONG,15,0,-15
2021,Sep-quarter,YEMEN,5,0,-5
2021,country-year,LIBERIA,10,13,3
2021,country-year,EL SALVADOR,55,65,10
2021,country-year,SUDAN,15,17,2
2021,country-year,SINGAPORE,187,204,17
2021,country-year,BENIN,6,7,1
2021,country-year,PAPUA NEW GUINEA,2,3,1
2021,country-year,PARAGUAY,12,14,2
2021,country-year,BAHAMAS,61,62,1
2021,country-year,IVORY COAST,11,0,-11
2021,country-year,ITALY,12436,12751,315
2021,country-year,ROMANIA,132,136,4
2021,country-year,FRANCE,75,79,4
2021,country-year,FIJI,3,4,1
2021,country-year,SOMALIA,50,52,2
2021,country-year,TOGO,7,9,2
2021,country-year,INDIA,49,50,1
2021,country-year,KENYA,97,126,29
2021,country-year,PERU,50,56,6
2021,country-year,NORTHERN MARIANA ISLANDS,22,0,-22
2021,country-year,QATAR,487,499,12
2021,country-year,SOUTH AFRICA,42,45,3
2021,country-year,LATVIA,14,15,1
2021,country-year,NORWAY,81,1007,926
2021,country-year,"MICRONESIA, FEDERATED STATES OF",2,0,-2
2021,country-year,PORTUGAL,259,290,31
2021,country-year,DJIBOUTI,68,380,312
2021,country-year,CAMBODIA,11,15,4
2021,country-year,ARGENTINA,22,25,3
2021,country-year,CENTRAL AFRICAN REPUBLIC,13,15,2
2021,country-year,ECUADOR,24,27,3
2021,country-year,SWITZERLAND,20,24,4
2021,country-year,BARBADOS,9,13,4
2021,country-year,JAMAICA,12,13,1
2021,country-year,MOZAMBIQUE,13,14,1
2021,country-year,SAUDI ARABIA,1396,1520,124
2021,country-year,TURKEY,1753,1811,58
2021,country-year,ALGERIA,10,13,3
2021,country-year,GIBRALTAR,3,4,1
2021,country-year,HUNGARY,77,84,7
2021,country-year,KAZAKHSTAN,24,27,3
2021,country-year,PHILIPPINES,126,216,90
2021,country-year,AMERICAN SAMOA,3,307,304
2021,country-year,KOSOVO,14,15,1
2021,country-year,CANADA,143,154,11
2021,country-year,GUAM,6273,8881,2608
2021,country-year,TAJIKISTAN,8,11,3
2021,country-year,MALAWI,8,11,3
2021,country-year,NETHERLANDS,422,433,11
2021,country-year,MALTA,12,13,1
2021,country-year,ZZ-UNKNOWN,5701,0,-5701
2021,country-year,ARMENIA,10,11,1
2021,country-year,GREENLAND,140,148,8
2021,country-year,IRAQ,0,2500,2500
2021,country-year,UGANDA,14,16,2
2021,country-year,BOSNIA AND HERZEGOVINA,10,0,-10
2021,country-year,MONTENEGRO,10,11,1
2021,country-year,SIERRA LEONE,8,11,3
2021,country-year,SOUTH KOREA,25593,26403,810
2021,country-year,NIGERIA,32,36,4
2021,country-year,JORDAN,88,351,263
2021,country-year,KYRGYZSTAN,9,10,1
2021,country-year,CONGO,26,0,-26
2021,country-year,BELGIUM,1143,1173,30
2021,country-year,TRINIDAD AND TOBAGO,10,0,-10
2021,country-year,SERBIA,13,0,-13
2021,country-year,SRI LANKA,13,14,1
2021,country-year,UNITED ARAB EMIRATES,200,208,8
2021,country-year,DOMINICAN REPUBLIC,18,22,4
2021,country-year,BRAZIL,51,53,2
2021,country-year,BOLIVIA,10,13,3
2021,country-year,MYANMAR,11,14,3
2021,country-year,MALAYSIA,16,19,3
2021,country-year,FINLAND,18,200,182
2021,country-year,MOROCCO,25,29,4
2021,country-year,CROATIA,11,13,2
2021,country-year,LEBANON,21,23,2
2021,country-year,BRITISH ATLANTIC OCEAN TERRITORY,2,0,-2
2021,country-year,DENMARK,18,19,1
2021,country-year,GUATEMALA,20,23,3
2021,country-year,POLAND,167,176,9
2021,country-year,BRITISH INDIAN OCEAN TERRITORY,223,0,-223
2021,country-year,CUBA,629,657,28
2021,country-year,INDONESIA,28,33,5
2021,country-year,LUXEMBOURG,7,8,1
2021,country-year,MOLDOVA,8,9,1
2021,country-year,GHANA,18,21,3
2021,country-year,UNITED KINGDOM,9576,9736,160
2021,country-year,BULGARIA,22,23,1
2021,country-year,SLOVAKIA,12,13,1
2021,country-year,HONDURAS,372,393,21
2021,country-year,SLOVENIA,9,12,3
2021,country-year,PUERTO RICO,161,11914,11753
2021,country-year,JAPAN,56010,57101,1091
2021,country-year,MARSHALL ISLANDS,17,20,3
2021,country-year,US VIRGIN ISLANDS,12,682,670
2021,country-year,CYPRUS,11,13,2
2021,country-year,COSTA RICA,12,13,1
2021,country-year,ETHIOPIA,18,20,2
2021,country-year,SPAIN,3234,3267,33
2021,country-year,ALBANIA,12,13,1
2021,country-year,AKROTIRI,1,0,-1
2021,country-year,THAILAND,99,104,5
2021,country-year,CHILE,34,36,2
2021,country-year,MACEDONIA,13,0,-13
2021,country-year,ESTONIA,15,17,2
2021,country-year,BURUNDI,9,10,1
2021,country-year,MAURITANIA,14,17,3
2021,country-year,AZERBAIJAN,13,14,1
2021,country-year,CHAD,17,20,3
2021,country-year,GERMANY,35468,35996,528
2021,country-year,CHINA,51,63,12
2021,country-year,HONG KONG,15,16,1
2021,country-year,LITHUANIA,18,19,1
2021,country-year,GUINEA,10,12,2
2021,country-year,LAOS,13,14,1
2021,country-year,NICARAGUA,10,11,1
2021,country-year,BANGLADESH,9,12,3
2023,Sep-quarter,SAMOA,2,0,-2
2023,Sep-quarter,"MICRONESIA, FEDERATED STATES OF",23,0,-23
2023,Sep-quarter,ZZ-UNKNOWN,6214,0,-6214
2023,Sep-quarter,CONGO,24,9,-15
2023,Sep-quarter,CZECHIA,16,0,-16
2023,Sep-quarter,BRITISH ATLANTIC OCEAN TERRITORY,3,0,-3
2023,Sep-quarter,BRITISH INDIAN OCEAN TERRITORY,220,0,-220
2023,Sep-quarter,PALAU,89,0,-89
2023,Sep-quarter,PUERTO RICO,644,0,-644
2023,Sep-quarter,MARSHALL ISLANDS,17,0,-17
2023,Sep-quarter,AKROTIRI,1,0,-1
2023,Sep-quarter,CHINA,58,73,15
2023,Sep-quarter,HONG KONG,15,0,-15
2023,Sep-quarter,YEMEN,4,0,-4
2023,country-year,HAITI,14,16,2
2023,country-year,NIGER,16,17,1
2023,country-year,SAMOA,2,6,4
2023,country-year,EL SALVADOR,49,58,9
2023,country-year,SINGAPORE,239,242,3
2023,country-year,PAPUA NEW GUINEA,19,20,1
2023,country-year,CAPE VERDE,2,3,1
2023,country-year,IVORY COAST,13,0,-13
2023,country-year,ITALY,12405,12518,113
2023,country-year,SOMALIA,18,49,31
2023,country-year,TOGO,7,8,1
2023,country-year,INDIA,58,60,2
2023,country-year,KENYA,49,65,16
2023,country-year,PERU,47,48,1
2023,country-year,NORTHERN MARIANA ISLANDS,6,0,-6
2023,country-year,TAIWAN,39,41,2
2023,country-year,OMAN,28,30,2
2023,country-year,LATVIA,17,20,3
2023,country-year,NORWAY,105,227,122
2023,country-year,"MICRONESIA, FEDERATED STATES OF",23,0,-23
2023,country-year,CAMBODIA,9,11,2
2023,country-year,ARGENTINA,29,32,3
2023,country-year,TANZANIA,13,15,2
2023,country-year,ECUADOR,26,27,1
2023,country-year,JAMAICA,12,13,1
2023,country-year,PHILIPPINES,257,285,28
2023,country-year,AMERICAN SAMOA,4,15,11
2023,country-year,KOSOVO,14,17,3
2023,country-year,MONGOLIA,12,13,1
2023,country-year,CANADA,162,164,2
2023,country-year,RUSSIA,38,40,2
2023,country-year,GUAM,6363,7418,1055
2023,country-year,TAJIKISTAN,13,14,1
2023,country-year,ZZ-UNKNOWN,6214,0,-6214
2023,country-year,ARMENIA,12,14,2
2023,country-year,UGANDA,11,12,1
2023,country-year,BOSNIA AND HERZEGOVINA,17,0,-17
2023,country-year,MONTENEGRO,12,13,1
2023,country-year,SIERRA LEONE,9,10,1
2023,country-year,SOUTH KOREA,24159,24437,278
2023,country-year,CONGO,24,0,-24
2023,country-year,TRINIDAD AND TOBAGO,9,0,-9
2023,country-year,SERBIA,12,0,-12
2023,country-year,SRI LANKA,14,16,2
2023,country-year,DOMINICAN REPUBLIC,17,18,1
2023,country-year,UZBEKISTAN,15,16,1
2023,country-year,BRAZIL,61,62,1
2023,country-year,GREECE,368,397,29
2023,country-year,MALAYSIA,19,23,4
2023,country-year,FINLAND,18,141,123
2023,country-year,NEW ZEALAND,14,15,1
2023,country-year,SENEGAL,19,21,2
2023,country-year,BRITISH ATLANTIC OCEAN TERRITORY,3,0,-3
2023,country-year,ZIMBABWE,10,11,1
2023,country-year,GUATEMALA,17,19,2
2023,country-year,SOUTH SUDAN,16,17,1
2023,country-year,POLAND,216,249,33
2023,country-year,BRITISH INDIAN OCEAN TERRITORY,220,0,-220
2023,country-year,INDONESIA,38,39,1
2023,country-year,COLOMBIA,64,65,1
2023,country-year,MOLDOVA,10,11,1
2023,country-year,BRUNEI,2,3,1
2023,country-year,GHANA,21,22,1
2023,country-year,UNITED KINGDOM,9949,10142,193
2023,country-year,BAHRAIN,3474,3593,119
2023,country-year,PUERTO RICO,644,5582,4938
2023,country-year,JAPAN,53246,55799,2553
2023,country-year,US VIRGIN ISLANDS,31,130,99
2023,country-year,CYPRUS,10,12,2
2023,country-year,COSTA RICA,14,16,2
2023,country-year,SPAIN,3212,3268,56
2023,country-year,NEPAL,11,14,3
2023,country-year,AKROTIRI,1,0,-1
2023,country-year,ANGOLA,10,11,1
2023,country-year,CHILE,33,40,7
2023,country-year,MACEDONIA,9,0,-9
2023,country-year,MADAGASCAR,11,12,1
2023,country-year,GERMANY,35188,36635,1447
2023,country-year,CHINA,58,66,8
2023,country-year,HONG KONG,15,16,1
2023,country-year,LITHUANIA,17,19,2
2023,country-year,BURKINA FASO,18,22,4
2023,country-year,NICARAGUA,8,10,2
2023,country-year,BANGLADESH,13,14,1
2024,Sep-quarter,SAMOA,3,0,-3
2024,Sep-quarter,"MICRONESIA, FEDERATED STATES OF",2,0,-2
2024,Sep-quarter,ZZ-UNKNOWN,11423,0,-11423
2024,Sep-quarter,CONGO,24,9,-15
2024,Sep-quarter,CZECHIA,17,0,-17
2024,Sep-quarter,BRITISH ATLANTIC OCEAN TERRITORY,3,0,-3
2024,Sep-quarter,BRITISH INDIAN OCEAN TERRITORY,241,0,-241
2024,Sep-quarter,PALAU,1,0,-1
2024,Sep-quarter,PUERTO RICO,623,0,-623
2024,Sep-quarter,MARSHALL ISLANDS,3,0,-3
2024,Sep-quarter,CHINA,59,73,14
2024,Sep-quarter,HONG KONG,14,0,-14
2024,Sep-quarter,YEMEN,2,0,-2
2024,country-year,VIETNAM,30,33,3
2024,country-year,HAITI,18,54,36
2024,country-year,NIGER,15,14,-1
2024,country-year,SAMOA,3,6,3
2024,country-year,EL SALVADOR,57,60,3
2024,country-year,BENIN,7,8,1
2024,country-year,PAPUA NEW GUINEA,10,13,3
2024,country-year,PARAGUAY,14,16,2
2024,country-year,BAHAMAS,58,63,5
2024,country-year,CAPE VERDE,2,3,1
2024,country-year,IVORY COAST,11,0,-11
2024,country-year,ITALY,12268,12482,214
2024,country-year,ROMANIA,146,140,-6
2024,country-year,FRANCE,78,81,3
2024,country-year,FIJI,5,4,-1
2024,country-year,SOMALIA,7,60,53
2024,country-year,SURINAME,2,1,-1
2024,country-year,PANAMA,23,28,5
2024,country-year,TOGO,8,7,-1
2024,country-year,INDIA,66,64,-2
2024,country-year,KENYA,38,72,34
2024,country-year,PERU,42,49,7
2024,country-year,QATAR,213,303,90
2024,country-year,TAIWAN,32,47,15
2024,country-year,SOUTH AFRICA,47,45,-2
2024,country-year,OMAN,22,29,7
2024,country-year,LATVIA,17,20,3
2024,country-year,NORWAY,86,1439,1353
2024,country-year,RWANDA,13,11,-2
2024,country-year,"MICRONESIA, FEDERATED STATES OF",2,0,-2
2024,country-year,PORTUGAL,242,247,5
2024,country-year,DJIBOUTI,15,406,391
2024,country-year,CAMBODIA,11,10,-1
2024,country-year,ISRAEL,108,115,7
2024,country-year,ARGENTINA,32,31,-1
2024,country-year,CENTRAL AFRICAN REPUBLIC,16,15,-1
2024,country-year,TANZANIA,13,18,5
2024,country-year,ECUADOR,27,24,-3
2024,country-year,SWITZERLAND,21,22,1
2024,country-year,BARBADOS,14,13,-1
2024,country-year,MOZAMBIQUE,13,10,-3
2024,country-year,WAKE ISLAND,3,4,1
2024,country-year,ALGERIA,11,14,3
2024,country-year,HUNGARY,82,84,2
2024,country-year,KAZAKHSTAN,25,28,3
2024,country-year,BELIZE,10,9,-1
2024,country-year,PHILIPPINES,45,311,266
2024,country-year,AMERICAN SAMOA,3,18,15
2024,country-year,KOSOVO,10,16,6
2024,country-year,MONGOLIA,13,12,-1
2024,country-year,RUSSIA,28,41,13
2024,country-year,GUAM,6486,7540,1054
2024,country-year,TAJIKISTAN,13,14,1
2024,country-year,MALAWI,9,7,-2
2024,country-year,MALTA,11,13,2
2024,country-year,SWEDEN,16,21,5
2024,country-year,BOTSWANA,14,17,3
2024,country-year,ZZ-UNKNOWN,11423,0,-11423
2024,country-year,UGANDA,13,14,1
2024,country-year,BOSNIA AND HERZEGOVINA,16,0,-16
2024,country-year,MONTENEGRO,8,12,4
2024,country-year,SIERRA LEONE,10,11,1
2024,country-year,SOUTH KOREA,23111,24515,1404
2024,country-year,NIGERIA,34,37,3
2024,country-year,JORDAN,44,120,76
2024,country-year,KYRGYZSTAN,11,12,1
2024,country-year,CONGO,24,0,-24
2024,country-year,TRINIDAD AND TOBAGO,10,0,-10
2024,country-year,SERBIA,14,0,-14
2024,country-year,SRI LANKA,14,18,4
2024,country-year,UNITED ARAB EMIRATES,130,177,47
2024,country-year,UZBEKISTAN,15,16,1
2024,country-year,BRAZIL,65,62,-3
2024,country-year,EGYPT,150,176,26
2024,country-year,GREECE,409,402,-7
2024,country-year,MYANMAR,11,12,1
2024,country-year,MALAYSIA,23,24,1
2024,country-year,AUSTRALIA,313,732,419
2024,country-year,CZECHIA,17,16,-1
2024,country-year,FINLAND,19,32,13
2024,country-year,ZAMBIA,11,10,-1
2024,country-year,MOROCCO,34,39,5
2024,country-year,GUYANA,12,11,-1
2024,country-year,NEW ZEALAND,17,14,-3
2024,country-year,SENEGAL,18,22,4
2024,country-year,KUWAIT,387,533,146
2024,country-year,BRITISH ATLANTIC OCEAN TERRITORY,3,0,-3
2024,country-year,DENMARK,18,16,-2
2024,country-year,GUATEMALA,16,17,1
2024,country-year,SOUTH SUDAN,12,16,4
2024,country-year,POLAND,307,302,-5
2024,country-year,BRITISH INDIAN OCEAN TERRITORY,241,0,-241
2024,country-year,CUBA,557,616,59
2024,country-year,PALAU,1,83,82
2024,country-year,INDONESIA,27,36,9
2024,country-year,LUXEMBOURG,6,7,1
2024,country-year,COLOMBIA,63,64,1
2024,country-year,MOLDOVA,11,12,1
2024,country-year,TUNISIA,25,22,-3
2024,country-year,GHANA,20,21,1
2024,country-year,UNITED KINGDOM,10068,10204,136
2024,country-year,BAHRAIN,3405,3500,95
2024,country-year,BULGARIA,22,19,-3
2024,country-year,SLOVAKIA,14,15,1
2024,country-year,HONDURAS,337,365,28
2024,country-year,PUERTO RICO,623,4920,4297
2024,country-year,JAPAN,50786,55154,4368
2024,country-year,MARSHALL ISLANDS,3,15,12
2024,country-year,US VIRGIN ISLANDS,33,133,100
2024,country-year,CYPRUS,12,11,-1
2024,country-year,COSTA RICA,13,17,4
2024,country-year,GABON,13,12,-1
2024,country-year,ETHIOPIA,15,13,-2
2024,country-year,SPAIN,3526,3307,-219
2024,country-year,NEPAL,13,16,3
2024,country-year,NAMIBIA,7,10,3
2024,country-year,THAILAND,103,111,8
2024,country-year,CHILE,40,41,1
2024,country-year,MACEDONIA,12,0,-12
2024,country-year,ESTONIA,27,20,-7
2024,country-year,PAKISTAN,67,74,7
2024,country-year,BURUNDI,13,11,-2
2024,country-year,IRELAND,8,12,4
2024,country-year,MAURITANIA,14,13,-1
2024,country-year,UKRAINE,15,18,3
2024,country-year,MADAGASCAR,15,13,-2
2024,country-year,AUSTRIA,25,22,-3
2024,country-year,AZERBAIJAN,14,15,1
2024,country-year,CHAD,21,20,-1
2024,country-year,ESWATINI,6,8,2
2024,country-year,GERMANY,34738,36541,1803
2024,country-year,MEXICO,89,88,-1
2024,country-year,CHINA,59,64,5
2024,country-year,TURKMENISTAN,15,10,-5
2024,country-year,HONG KONG,14,16,2
2024,country-year,LITHUANIA,17,19,2
2024,country-year,YEMEN,2,4,2
2024,country-year,GUINEA,10,11,1
2024,country-year,BURKINA FASO,16,24,8
2024,country-year,LAOS,13,12,-1
2024,country-year,NICARAGUA,11,9,-2
2024,country-year,BANGLADESH,13,14,1
