year,code,historydata,td_June,td_Sep,flag
1953,DE,254347.0,254347.0,,match
1953,JP,185829.0,223569.0,,diff 37740
1953,OKI,23325.0,,,td missing
1953,KR,326863.0,348578.0,,diff 21715
1953,GB,47418.0,51988.0,,diff 4570
1953,IT,4217.0,9618.0,,diff 5401
1953,PH,15466.0,16942.0,,diff 1476
1953,VN,138.0,138.0,,match
1953,TR,1044.0,1370.0,,diff 326
1953,ES,41.0,7256.0,,diff 7215
1953,GU,16225.0,17222.0,,diff 997
1953,PA,14028.0,16622.0,,diff 2594
1960,DE,232256.0,232256.0,232256.0,match
1960,JP,46295.0,83462.0,57877.0,diff 11582
1960,OKI,37142.0,,,td missing
1960,KR,55864.0,55864.0,55948.0,match
1960,GB,31992.0,31992.0,33584.0,match
1960,IT,10339.0,10339.0,11258.0,match
1960,PH,11334.0,11334.0,13277.0,match
1960,VN,794.0,794.0,794.0,match
1960,TR,7454.0,7454.0,7454.0,match
1960,ES,11232.0,11232.0,11597.0,match
1960,GU,8371.0,,8625.0,diff 254
1960,PA,7776.0,7807.0,7842.0,match
1970,DE,202935.0,202935.0,202935.0,match
1970,JP,37512.0,82264.0,44752.0,diff 7240
1970,OKI,44752.0,,,td missing
1970,KR,52197.0,52197.0,52283.0,match
1970,GB,21168.0,21168.0,21168.0,match
1970,IT,9645.0,9645.0,9645.0,match
1970,PH,23440.0,23440.0,23440.0,match
1970,VN,390278.0,390278.0,410878.0,match
1970,TR,6681.0,6681.0,6681.0,match
1970,ES,8744.0,8744.0,8744.0,match
1970,GU,11490.0,,11490.0,match
1970,PA,11283.0,11297.0,11283.0,match
1975,DE,217267.0,217267.0,217267.0,match
1975,JP,48337.0,48337.0,55739.0,match
1975,OKI,,,,n/a
1975,KR,40204.0,40204.0,41186.0,match
1975,GB,20971.0,20971.0,24126.0,match
1975,IT,11415.0,11415.0,18518.0,match
1975,PH,13934.0,13934.0,23067.0,match
1975,VN,,0.0,0.0,n/a
1975,TR,7225.0,7225.0,7448.0,match
1975,ES,8931.0,8931.0,12307.0,match
1975,GU,9673.0,,11953.0,diff 2280
1975,PA,9479.0,9500.0,9479.0,match
1985,DE,246875.0,246927.0,246875.0,match
1985,JP,46923.0,46923.0,46923.0,match
1985,OKI,,,,n/a
1985,KR,41718.0,41718.0,41718.0,match
1985,GB,29532.0,29532.0,29532.0,match
1985,IT,14695.0,14695.0,14695.0,match
1985,PH,15374.0,15374.0,15374.0,match
1985,VN,,0.0,0.0,n/a
1985,TR,5268.0,5268.0,5268.0,match
1985,ES,9340.0,9340.0,9340.0,match
1985,GU,9216.0,,9216.0,match
1985,PA,8521.0,8521.0,8521.0,match
1995,DE,73280.0,73280.0,73280.0,match
1995,JP,39134.0,39134.0,39134.0,match
1995,OKI,,,,n/a
1995,KR,36016.0,36016.0,36016.0,match
1995,GB,12131.0,12131.0,12131.0,match
1995,IT,12007.0,12007.0,12007.0,match
1995,PH,126.0,126.0,126.0,match
1995,VN,4.0,4.0,4.0,match
1995,TR,3111.0,3111.0,3111.0,match
1995,ES,2799.0,2799.0,2799.0,match
1995,GU,5509.0,,5509.0,match
1995,PA,7727.0,7727.0,7727.0,match
1999,DE,65538.0,65538.0,65538.0,match
1999,JP,40338.0,40338.0,40338.0,match
1999,OKI,,,,n/a
1999,KR,35913.0,35913.0,35913.0,match
1999,GB,11311.0,11311.0,11311.0,match
1999,IT,11530.0,11530.0,11530.0,match
1999,PH,84.0,84.0,84.0,match
1999,VN,11.0,11.0,11.0,match
1999,TR,2312.0,2312.0,2312.0,match
1999,ES,2172.0,2127.0,2127.0,match
1999,GU,3621.0,,3621.0,match
1999,PA,19.0,19.0,19.0,match
