143685	milTop	ms0_202607.pdf	200 268808 application/octet-stream	
143684	milTop	ms1_202607.pdf	200 274786 application/octet-stream	
143683	milTop	ms2_202607.pdf	200 274995 application/octet-stream	
119112	milTop	AD_Strengths_FY2013-FY2020.xlsx	200 47848 application/octet-stream	
71661	milTop	AD_Strengths_FY1994-FY2012.xlsx	200 348394 application/octet-stream	
42452	milTop	AD_1954-1993.zip	200 1641706 application/octet-stream	
142879	milRegionCountry	DMDC_Website_Location_Report_2603.xlsx	200 53655 application/octet-stream	
141635	milRegionCountry	DMDC_Website_Location_Report_2512.xlsx	200 53839 application/octet-stream	
140442	milRegionCountry	DMDC_Website_Location_Report_2509.xlsx	200 53598 application/octet-stream	
138689	milRegionCountry	DMDC_Website_Location_Report_2506.xlsx	200 53535 application/octet-stream	
136372	milRegionCountry	DMDC_Website_Location_Report_2503.xlsx	200 53500 application/octet-stream	
136979	milRegionCountry	DMDC_Website_Location_Report_2412.xlsx	200 53109 application/octet-stream	
136978	milRegionCountry	DMDC_Website_Location_Report_2409.xlsx	200 52381 application/octet-stream	
130926	milRegionCountry	DMDC_Website_Location_Report_2406.xlsx	200 61945 application/octet-stream	
129163	milRegionCountry	DMDC_Website_Location_Report_2403.xlsx	200 61500 application/octet-stream	
127322	milRegionCountry	DMDC_Website_Location_Report_2312.xlsx	200 61573 application/octet-stream	
126040	milRegionCountry	DMDC_Website_Location_Report_2309.xlsx	200 61807 application/octet-stream	
124240	milRegionCountry	DMDC_Website_Location_Report_2306.xlsx	200 59403 application/octet-stream	
124239	milRegionCountry	DMDC_Website_Location_Report_2303.xlsx	200 59484 application/octet-stream	
121403	milRegionCountry	DMDC_Website_Location_Report_2212.xlsx	200 59319 application/octet-stream	
120269	milRegionCountry	DMDC_Website_Location_Report_2209.xlsx	200 59714 application/octet-stream	
119321	milRegionCountry	DMDC_Website_Location_Report_2206.xlsx	200 59956 application/octet-stream	
117084	milRegionCountry	DMDC_Website_Location_Report_2203.xlsx	200 60025 application/octet-stream	
115840	milRegionCountry	DMDC_Website_Location_Report_2112.xlsx	200 59710 application/octet-stream	
113543	milRegionCountry	DMDC_Website_Location_Report_2109.xlsx	200 53671 application/octet-stream	
111750	milRegionCountry	DMDC_Website_Location_Report_2106.xlsx	200 52501 application/octet-stream	
109993	milRegionCountry	DMDC_Website_Location_Report_2103.xlsx	200 52416 application/octet-stream	
107990	milRegionCountry	DMDC_Website_Location_Report_2012.xlsx	200 52386 application/octet-stream	
105773	milRegionCountry	DMDC_Website_Location_Report_2009.xlsx	200 50720 application/octet-stream	
103341	milRegionCountry	DMDC_Website_Location_Report_2006.xlsx	200 50818 application/octet-stream	
100904	milRegionCountry	DMDC_Website_Location_Report_2003.xlsx	200 50752 application/octet-stream	
98889	milRegionCountry	DMDC_Website_Location_Report_1912.xlsx	200 50843 application/octet-stream	
96265	milRegionCountry	DMDC_Website_Location_Report_1909.xlsx	200 50254 application/octet-stream	
94275	milRegionCountry	DMDC_Website_Location_Report_1906.xlsx	200 50056 application/octet-stream	
93650	milRegionCountry	DMDC_Website_Location_Report_1903.xlsx	200 50083 application/octet-stream	
93649	milRegionCountry	DMDC_Website_Location_Report_1812.xlsx	200 49978 application/octet-stream	
93648	milRegionCountry	DMDC_Website_Location_Report_1809.xlsx	200 49885 application/octet-stream	
85433	milRegionCountry	DMDC_Website_Location_Report_1806.xlsx	200 49842 application/octet-stream	
82422	milRegionCountry	DMDC_Website_Location_Report_1803.xlsx	200 49887 application/octet-stream	
80558	milRegionCountry	DMDC_Website_Location_Report_1712.xlsx	200 50530 application/octet-stream	
97282	milRegionCountry	DMDC_Website_Location_Report_1709_old.xlsx	200 50520 application/octet-stream	
80629	milRegionCountry	DMDC_Website_Location_Report_1706.xlsx	200 52371 application/octet-stream	
80630	milRegionCountry	DMDC_Website_Location_Report_1703.xlsx	200 52348 application/octet-stream	
80631	milRegionCountry	DMDC_Website_Location_Report_1612.xlsx	200 52220 application/octet-stream	
84066	milRegionCountry	DMDC_Website_Location_Report_1609.xlsx	200 52548 application/octet-stream	
80634	milRegionCountry	DMDC_Website_Location_Report_1606.xlsx	200 50189 application/octet-stream	
80635	milRegionCountry	DMDC_Website_Location_Report_1603.xlsx	200 51835 application/octet-stream	
80636	milRegionCountry	DMDC_Website_Location_Report_1512.xlsx	200 50939 application/octet-stream	
80637	milRegionCountry	DMDC_Website_Location_Report_1509.xlsx	200 52189 application/octet-stream	
80638	milRegionCountry	DMDC_Website_Location_Report_1506.xlsx	200 52240 application/octet-stream	
80639	milRegionCountry	DMDC_Website_Location_Report_1503.xlsx	200 52279 application/octet-stream	
80640	milRegionCountry	DMDC_Website_Location_Report_1412.xlsx	200 52335 application/octet-stream	
80641	milRegionCountry	DMDC_Website_Location_Report_1409.xlsx	200 52287 application/octet-stream	
80642	milRegionCountry	DMDC_Website_Location_Report_1406.xlsx	200 52144 application/octet-stream	
80643	milRegionCountry	DMDC_Website_Location_Report_1403.xlsx	200 52086 application/octet-stream	
80644	milRegionCountry	DMDC_Website_Location_Report_1312.xlsx	200 52289 application/octet-stream	
80645	milRegionCountry	DMDC_Website_Location_Report_1309.xlsx	200 52215 application/octet-stream	
80646	milRegionCountry	DMDC_Website_Location_Report_1209.xlsx	200 52178 application/octet-stream	
80647	milRegionCountry	DMDC_Website_Location_Report_1109.xlsx	200 51720 application/octet-stream	
80648	milRegionCountry	DMDC_Website_Location_Report_1009.xlsx	200 51507 application/octet-stream	
80649	milRegionCountry	DMDC_Website_Location_Report_0909.xlsx	200 51717 application/octet-stream	
80650	milRegionCountry	DMDC_Website_Location_Report_0809.xlsx	200 49306 application/octet-stream	
134883	pubAtlas	L03.zip	200 8691162 application/octet-stream	
24274	pubSelectedManpower	M01.zip	200 6705587 application/octet-stream	
24275	pubSelectedLocations	M02.zip	200 4048765 application/octet-stream	
24278	pubGeographical	M05.zip	200 13009035 application/octet-stream	
24279	pubCasualties	M07.zip	200 2192696 application/octet-stream	
