period,asof,IRAQ,AFGHANISTAN,SYRIA,KUWAIT,QATAR,BAHRAIN,SAUDI ARABIA,NIGER,DJIBOUTI
0809,"September 30, 2008",110793,23359,3,42291,6426,4347,347,1,1031
0909,"September 30, 2009",72368,47520,4,30974,9383,4369,351,3,955
1009,"September 30, 2010",38591,81875,3,17584,12036,4626,325,2,990
1109,"September 30, 2011",28675,82177,3,16881,11812,4623,524,3,1417
1209,"September 30, 2012",164,63243,1,10006,6865,5310,471,16,1837
1309,"September 30, 2013",138,48807,1,8109,5919,6308,654,97,2084
1312,"December 31, 2013",93,37094,1,7885,6271,6326,612,101,2037
1403,"March 31, 2014",81,35996,absent,7858,6940,6804,613,116,2093
1406,"June 30, 2014",347,32477,absent,9097,6179,4947,543,136,1983
1409,"September 30, 2014",498,24170,absent,11377,5589,5502,553,119,1984
1412,"December 31, 2014",1484,10189,1,10991,5781,5112,557,124,2124
1503,"March 31, 2015",2758,9144,1,11304,5292,4992,533,127,1988
1506,"June 30, 2015",3162,8757,absent,10489,5137,5171,565,151,1927
1509,"September 30, 2015",4231,9392,absent,8809,5219,5160,515,139,1970
1512,"December 31, 2015",3674,9333,absent,9117,4853,7247,469,54,1355
1603,"March 31, 2016",4368,8927,35,8245,3967,4924,353,9,1433
1606,"June 30, 2016",4087,8976,18,6861,3992,4759,368,7,1418
1609,"September 30, 2016",4626,9027,56,5818,3216,5370,371,8,1702
1612,"December 31, 2016",5540,9294,204,6296,2976,5504,352,7,1961
1703,"March 31, 2017",5462,10264,439,7033,951,5259,358,10,1926
1706,"June 30, 2017",6148,10107,1103,7109,1064,5898,438,23,2026
1709_old,"September 30, 2017",7402,13329,1547,9241,4666,8610,402,510,3132
1712,"December 31, 2017",suppressed(*),suppressed(*),suppressed(*),2082,529,7193,301,7,820
1803,"March 31, 2018",suppressed(*),suppressed(*),suppressed(*),2036,548,4173,305,194,52
1806,"June 30, 2018",suppressed(*),suppressed(*),suppressed(*),1816,791,4107,321,8,30
1809,"September 30, 2018",suppressed(*),suppressed(*),suppressed(*),1863,783,4214,323,8,954
1812,"December 31, 2018",suppressed(*),suppressed(*),suppressed(*),1840,521,4376,322,7,22
1903,"March 31, 2019",suppressed(*),suppressed(*),suppressed(*),2092,541,4270,297,9,40
1906,"June 30, 2019",suppressed(*),suppressed(*),suppressed(*),1885,575,4371,298,8,54
1909,"September 30, 2019",suppressed(*),suppressed(*),suppressed(*),1798,545,4202,314,13,88
1912,"December 31, 2019",suppressed(*),suppressed(*),suppressed(*),1859,560,3999,354,23,112
2003,"March 31, 2020",suppressed(*),suppressed(*),suppressed(*),2018,562,4074,346,22,120
2006,"June 30, 2020",suppressed(*),suppressed(*),suppressed(*),2091,579,3964,581,21,136
2009,"September 30, 2020",suppressed(*),suppressed(*),suppressed(*),2169,490,4004,382,16,176
2012,"December 31, 2020",suppressed(*),suppressed(*),suppressed(*),1862,460,4081,474,21,121
2103,"March 31, 2021",suppressed(*),suppressed(*),suppressed(*),2191,459,3898,597,23,194
2106,"June 30, 2021",suppressed(*),suppressed(*),suppressed(*),1146,498,4008,1520,22,60
2109,"September 30, 2021",0,suppressed(*),0,2614,487,4031,1396,30,68
2112,"December 31, 2021",158,6,1,862,462,4009,326,21,364
2203,"March 31, 2022",11,suppressed(*),suppressed(*),720,443,3746,558,25,274
2206,"June 30, 2022",153,0,0,753,439,3753,315,22,370
2209,"September 30, 2022",149,0,0,714,397,3698,320,19,509
2212,"December 31, 2022",N/A-army,N/A-army,N/A-army,N/A-army,N/A-army,N/A-army,N/A-army,N/A-army,N/A-army
2303,"March 31, 2023",N/A-army,N/A-army,N/A-army,N/A-army,N/A-army,N/A-army,N/A-army,N/A-army,N/A-army
2306,"June 30, 2023",N/A-army,N/A-army,N/A-army,N/A-army,N/A-army,N/A-army,N/A-army,N/A-army,N/A-army
2309,"September 30, 2023",0,absent,0,595,335,3474,287,16,409
2312,"December 31, 2023",absent,absent,absent,551,324,3569,267,17,341
2403,"March 31, 2024",absent,absent,absent,533,303,3479,258,14,406
2406,"June 30, 2024",absent,absent,absent,500,214,3424,270,14,17
2409,"September 30, 2024",absent,absent,absent,387,213,3405,260,15,15
2412,"December 31, 2024",absent,absent,absent,523,223,3440,277,11,14
2503,"March 31, 2025",absent,absent,absent,210,188,3368,170,10,15
2506,"June 30, 2025",absent,absent,absent,559,254,3391,270,11,13
2509,"September 30, 2025",absent,absent,absent,546,249,3404,266,13,13
2512,"December 31, 2025",absent,absent,absent,533,239,3328,269,14,17
2603,"March 31, 2026",absent,absent,absent,540,179,3151,264,13,20
