year,seq,name,total,army,navy,marine_corps,air_force
1996,0,"Continental United States (CONUS)",1006401,351043,216846,133860,304652
1996,1,"Alaska",16661,6491,645,21,9504
1996,2,"Hawaii",36392,15225,10643,5953,4571
1996,3,"Federated States of Micronesia",13,0,0,0,13
1996,4,"Guam",5305,42,3122,36,2105
1996,5,"Johnston Atoll",263,248,2,0,13
1996,6,"Midway Islands",5,0,5,0,0
1996,7,"Palau",29,29,0,0,0
1996,8,"Puerto Rico",2650,206,2157,251,36
1996,9,"U. S. Virgin Islands",5,4,0,0,1
1996,10,"Transients",35867,10930,11488,6419,7030
1996,11,"Afloat",127710,0,127710,0,0
1996,12,"Total - U. S. Territories and Special Locations",1231301,384218,372618,146540,327925
1996,13,"Albania",3,1,1,0,1
1996,14,"Austria",37,6,0,27,4
1996,15,"Belgium",1646,985,103,35,523
1996,16,"Bosnia and Herzegovina",15003,15000,0,3,0
1996,17,"Bulgaria",14,4,1,7,2
1996,18,"Croatia",4007,4000,0,7,0
1996,19,"Cyprus",50,28,0,17,5
1996,20,"Czech Republic",10,3,0,7,0
1996,21,"Denmark",38,3,9,10,16
1996,22,"Estonia",2,0,0,1,1
1996,23,"Finland",17,2,2,11,2
1996,24,"France",73,17,9,26,21
1996,25,"Germany",48878,33330,282,168,15098
1996,26,"Gibraltar",4,0,4,0,0
1996,27,"Greece",507,18,256,63,170
1996,28,"Greenland",141,0,0,0,141
1996,29,"Hungary",6523,6500,0,18,5
1996,30,"Iceland",1893,2,1181,87,623
1996,31,"Ireland",8,2,0,6,0
1996,32,"Italy",12401,2784,4743,710,4164
1996,33,"Latvia",1,1,0,0,0
1996,34,"Lithuania",2,1,1,0,0
1996,35,"Luxembourg",9,9,0,0,0
1996,36,"Macedonia, Former Yugoslav Republic of",501,500,0,0,1
1996,37,"Malta",8,0,0,8,0
1996,38,"Netherlands",747,425,13,14,295
1996,39,"Norway",104,11,20,15,58
1996,40,"Poland",20,6,0,12,2
1996,41,"Portugal",1075,23,62,9,981
1996,42,"Romania",12,2,0,7,3
1996,43,"Serbia",8,0,0,6,2
1996,44,"Slovakia",4,0,0,4,0
1996,45,"Spain",2746,10,2138,383,215
1996,46,"Sweden",13,1,1,7,4
1996,47,"Switzerland",24,2,0,16,6
1996,48,"Turkey",2922,296,20,18,2588
1996,49,"United Kingdom",11662,240,1476,171,9775
1996,50,"Afloat",4142,0,4142,0,0
1996,51,"Total - Europe",115255,64212,14464,1873,34706
1996,52,"Armenia",1,1,0,0,0
1996,53,"Azerbaijan",1,0,0,0,1
1996,54,"Belarus",2,2,0,0,0
1996,55,"Georgia",2,1,0,1,0
1996,56,"Kazakhstan",7,2,0,5,0
1996,57,"Kyrgyzstan",1,1,0,0,0
1996,58,"Moldova",1,1,0,0,0
1996,59,"Russia",74,10,5,48,11
1996,60,"Turkmenistan",1,0,0,0,1
1996,61,"Ukraine",8,3,2,0,3
1996,62,"Uzbekistan",1,1,0,0,0
1996,63,"Total - Former Soviet Union",99,22,7,54,16
1996,64,"Australia",328,8,36,28,256
1996,65,"Burma",11,4,0,6,1
1996,66,"Cambodia",5,3,0,2,0
1996,67,"China",32,6,2,21,3
1996,68,"Fiji",2,0,1,1,0
1996,69,"Hong Kong",29,7,9,10,3
1996,70,"Indonesia",43,7,18,12,6
1996,71,"Japan",42962,1879,6885,19795,14403
1996,72,"Korea, Republic of",36539,27416,318,148,8657
1996,73,"Laos",3,1,0,0,2
1996,74,"Malaysia",19,6,1,5,7
1996,75,"New Zealand",32,1,30,0,1
1996,76,"Philippines",138,6,114,11,7
1996,77,"Singapore",158,5,94,19,40
1996,78,"Thailand",242,42,9,155,36
1996,79,"Vietnam",6,4,0,1,1
1996,80,"Afloat",14642,0,12654,1988,0
1996,81,"Total - East Asia and Pacific",95191,29395,20171,22202,23423
1996,82,"Algeria",8,1,0,6,1
1996,83,"Bahrain",598,28,418,137,15
1996,84,"Bangladesh",10,4,0,6,0
1996,85,"Diego Garcia",878,23,732,97,26
1996,86,"Egypt",1066,953,31,28,54
1996,87,"India",24,5,1,13,5
1996,88,"Israel",44,8,4,20,12
1996,89,"Jordan",24,8,0,9,7
1996,90,"Kuwait",5531,5500,12,11,8
1996,91,"Lebanon",2,2,0,0,0
1996,92,"Morocco",17,4,1,6,6
1996,93,"Nepal",6,0,0,6,0
1996,94,"Oman",30,3,1,10,16
1996,95,"Pakistan",26,4,1,15,6
1996,96,"Qatar",43,25,0,16,2
1996,97,"Saudi Arabia",1587,1300,32,49,206
1996,98,"Sri Lanka",7,0,0,7,0
1996,99,"Syria",11,4,0,7,0
1996,100,"Tunisia",19,6,2,8,3
1996,101,"United Arab Emirates",23,7,7,6,3
1996,102,"Yemen",11,4,0,7,0
1996,103,"Afloat",3914,0,1754,2160,0
1996,104,"Total - North Africa, Near East and South Asia",13879,7889,2996,2624,370
1996,105,"Angola",3,3,0,0,0
1996,106,"Botswana",7,2,0,5,0
1996,107,"Burundi",5,0,0,5,0
1996,108,"Cameroon",9,3,0,6,0
1996,109,"Chad",9,3,0,6,0
1996,110,"Congo",5,0,0,5,0
1996,111,"Cote D'Ivoire",19,4,0,13,2
1996,112,"Djibouti",7,2,0,5,0
1996,113,"Eritrea",1,0,1,0,0
1996,114,"Ethiopia",10,2,0,8,0
1996,115,"Ghana",7,1,0,6,0
1996,116,"Guinea",6,0,0,6,0
1996,117,"Kenya",29,11,1,15,2
1996,118,"Liberia",9,1,0,7,1
1996,119,"Madagascar",6,0,0,6,0
1996,120,"Mali",6,0,0,6,0
1996,121,"Mozambique",5,0,0,5,0
1996,122,"Niger",6,0,0,6,0
1996,123,"Nigeria",16,2,0,11,3
1996,124,"Rwanda",1,1,0,0,0
1996,125,"Senegal",11,3,1,7,0
1996,126,"Sierra Leone",6,0,0,6,0
1996,127,"South Africa",23,2,1,18,2
1996,128,"St. Helena (Includes Ascension Island)",3,0,0,0,3
1996,129,"Tanzania, United Republic of",5,0,0,5,0
1996,130,"Togo",6,0,0,6,0
1996,131,"Uganda",9,0,0,9,0
1996,132,"Zaire",9,2,0,7,0
1996,133,"Zambia",6,0,0,6,0
1996,134,"Zimbabwe",8,3,0,5,0
1996,135,"Afloat",2734,0,2734,0,0
1996,136,"Total - Sub-Saharan Africa",2986,45,2738,190,13
1996,137,"Antigua",2,0,0,0,2
1996,138,"Argentina",25,3,6,9,7
1996,139,"Bahamas, The",53,25,20,8,0
1996,140,"Barbados",11,3,2,6,0
1996,141,"Belize",2,1,1,0,0
1996,142,"Bolivia",24,8,2,7,7
1996,143,"Brazil",47,7,7,26,7
1996,144,"Canada",208,25,86,9,88
1996,145,"Chile",24,5,3,12,4
1996,146,"Colombia",34,11,1,16,6
1996,147,"Costa Rica",9,2,0,7,0
1996,148,"Cuba (Guantanamo)",1886,8,1201,675,2
1996,149,"Dominican Republic",10,1,1,6,2
1996,150,"Ecuador",70,56,2,7,5
1996,151,"El Salvador",26,9,0,15,2
1996,152,"Guatemala",17,8,0,8,1
1996,153,"Haiti",277,253,0,24,0
1996,154,"Honduras",865,808,1,13,43
1996,155,"Jamaica",10,1,2,7,0
1996,156,"Mexico",35,9,4,16,6
1996,157,"Nicaragua",15,4,0,10,1
1996,158,"Panama",6435,3904,308,211,2012
1996,159,"Paraguay",10,2,1,6,1
1996,160,"Peru",26,3,5,14,4
1996,161,"Suriname",2,2,0,0,0
1996,162,"Trinidad and Tobago",32,0,0,32,0
1996,163,"Uruguay",9,1,1,6,1
1996,164,"Venezuela",30,8,2,9,11
1996,165,"Afloat",1522,0,1340,182,0
1996,166,"Total - Western Hemisphere",11716,5167,2996,1341,2212
1996,167,"Antarctica",19,0,19,0,0
1996,168,"Total - Antarctica",19,0,19,0,0
1996,169,"Ashore",1276,155,726,59,336
1996,170,"Total - Undistributed",1276,155,726,59,336
1996,171,"Total - Foreign Countries",240421,106885,44117,28343,61076
1996,172,"Ashore",213467,106885,21493,24013,61076
1996,173,"Afloat",26954,0,22624,4330,0
1996,174,"NATO Countries",84842,38153,10312,1709,34668
1996,175,"Northeast Asia Troop Strength (Japan and Korea)",79501,29295,7203,19943,23060
1996,176,"Total - Worldwide",1471722,491103,416735,174883,389001
1998,0,"Continental United States (CONUS)",960817,344724,202085,131040,282968
1998,1,"Alaska",16351,6676,71,128,9476
1998,2,"Hawaii",34643,15133,7882,7081,4547
1998,3,"Guam",3935,30,1865,7,2033
1998,4,"Johnston Atoll",220,205,2,0,13
1998,5,"Puerto Rico",1970,142,1763,22,43
1998,6,"U. S. Virgin Islands",5,4,0,0,1
1998,7,"Transients",30368,7519,11695,5303,5851
1998,8,"Afloat",98650,0,98011,639,0
1998,9,"Total - United States and Territories",1146959,374433,323374,144220,304932
1998,10,"Albania",83,2,0,80,1
1998,11,"Austria",24,7,0,8,9
1998,12,"Belgium",1645,994,99,34,518
1998,13,"Bosnia and Herzegovina",6912,6900,0,9,3
1998,14,"Bulgaria",11,3,1,5,2
1998,15,"Croatia",119,101,3,4,11
1998,16,"Cyprus",52,3,0,40,9
1998,17,"Czech Republic",12,2,0,10,0
1998,18,"Denmark",38,2,9,8,19
1998,19,"Estonia",2,0,1,0,1
1998,20,"Finland",16,2,2,10,2
1998,21,"France",60,9,10,23,18
1998,22,"Germany",69663,55720,289,181,13473
1998,23,"Gibraltar",5,0,5,0,0
1998,24,"Greece",441,10,252,10,169
1998,25,"Greenland",130,0,0,0,130
1998,26,"Hungary",1379,1357,0,17,5
1998,27,"Iceland",1651,3,945,94,609
1998,28,"Ireland",8,2,0,6,0
1998,29,"Italy",11519,2696,4423,152,4248
1998,30,"Lithuania",3,1,1,1,0
1998,31,"Luxembourg",6,6,0,0,0
1998,32,"Macedonia, The Former Yugoslav Republic of",442,441,0,0,1
1998,33,"Malta",4,0,0,4,0
1998,34,"Netherlands",685,368,12,14,291
1998,35,"Norway",96,9,12,17,58
1998,36,"Poland",24,8,1,10,5
1998,37,"Portugal",1033,19,56,23,935
1998,38,"Romania",9,0,1,5,3
1998,39,"Serbia",37,35,0,0,2
1998,40,"Slovenia",1,0,0,0,1
1998,41,"Spain",3219,5,2878,98,238
1998,42,"Sweden",106,1,1,98,6
1998,43,"Switzerland",21,1,2,13,5
1998,44,"Turkey",2518,312,15,19,2172
1998,45,"United Kingdom",10156,378,1177,178,8423
1998,46,"Afloat",4314,0,2161,2153,0
1998,47,"Total - Europe",116444,69397,12356,3324,31367
1998,48,"Armenia",1,1,0,0,0
1998,49,"Azerbaijan",1,1,0,0,0
1998,50,"Belarus",4,2,0,2,0
1998,51,"Georgia",1,1,0,0,0
1998,52,"Kazakhstan",9,3,0,6,0
1998,53,"Kyrgyzstan",1,1,0,0,0
1998,54,"Russia",56,12,17,26,1
1998,55,"Ukraine",15,5,2,2,6
1998,56,"Uzbekistan",1,1,0,0,0
1998,57,"Total - Former Soviet Union",89,27,19,36,7
1998,58,"Australia",322,10,39,15,258
1998,59,"Burma",9,2,0,6,1
1998,60,"Cambodia",2,2,0,0,0
1998,61,"China",53,9,10,29,5
1998,62,"Indonesia",41,7,20,9,5
1998,63,"Japan",40364,1799,5626,19184,13755
1998,64,"Korea, Republic of",36890,27918,287,105,8580
1998,65,"Laos",3,1,0,0,2
1998,66,"Malaysia",17,4,2,6,5
1998,67,"Marshall Islands",27,27,0,0,0
1998,68,"New Zealand",6,2,2,0,2
1998,69,"Philippines",29,9,4,8,8
1998,70,"Singapore",152,6,89,17,40
1998,71,"Thailand",124,40,8,42,34
1998,72,"Vietnam",14,4,0,7,3
1998,73,"Afloat",17627,0,15525,2102,0
1998,74,"Total - East Asia and Pacific",95680,29840,21612,21530,22698
1998,75,"Algeria",8,2,0,5,1
1998,76,"Bahrain",916,15,667,216,18
1998,77,"Bangladesh",7,2,0,5,0
1998,78,"Diego Garcia",715,10,685,0,20
1998,79,"Egypt",1041,918,32,26,65
1998,80,"India",21,4,3,10,4
1998,81,"Iraq",3,3,0,0,0
1998,82,"Israel",35,4,4,16,11
1998,83,"Jordan",35,13,0,16,6
1998,84,"Kuwait",3921,1933,12,146,1830
1998,85,"Lebanon",2,2,0,0,0
1998,86,"Morocco",11,2,1,5,3
1998,87,"Nepal",5,0,0,5,0
1998,88,"Oman",97,4,0,10,83
1998,89,"Pakistan",22,4,2,11,5
1998,90,"Qatar",25,23,0,0,2
1998,91,"Saudi Arabia",4873,737,24,44,4068
1998,92,"Sri Lanka",5,0,1,4,0
1998,93,"Syria",10,4,0,6,0
1998,94,"Tunisia",14,3,2,6,3
1998,95,"United Arab Emirates",313,4,6,6,297
1998,96,"Western Sahara",1,0,0,1,0
1998,97,"Yemen",8,1,0,7,0
1998,98,"Afloat",15781,0,15781,0,0
1998,99,"Total - North Africa, Near East, and South Asia",27869,3688,17220,545,6416
1998,100,"Angola",2,2,0,0,0
1998,101,"Botswana",5,2,0,3,0
1998,102,"Burundi",4,0,0,4,0
1998,103,"Cameroon",7,2,0,4,1
1998,104,"Chad",9,3,0,6,0
1998,105,"Congo (Kinshasa)",10,3,0,6,1
1998,106,"Cote D'Ivoire",23,3,1,17,2
1998,107,"Djibouti",3,3,0,0,0
1998,108,"Ethiopia",7,2,0,5,0
1998,109,"Ghana",7,2,0,5,0
1998,110,"Guinea",5,0,0,5,0
1998,111,"Kenya",86,14,1,69,2
1998,112,"Liberia",7,1,0,5,1
1998,113,"Mali",6,0,0,6,0
1998,114,"Mozambique",7,0,0,7,0
1998,115,"Niger",6,0,0,6,0
1998,116,"Nigeria",11,1,0,8,2
1998,117,"Rwanda",2,2,0,0,0
1998,118,"Senegal",8,2,1,5,0
1998,119,"Somalia",231,231,0,0,0
1998,120,"South Africa",34,3,1,27,3
1998,121,"St. Helena (Includes Ascension Island)",2,0,0,0,2
1998,122,"Tanzania, United Republic of",8,0,0,8,0
1998,123,"Togo",6,0,0,6,0
1998,124,"Uganda",6,0,0,6,0
1998,125,"Zambia",5,0,0,5,0
1998,126,"Zimbabwe",8,3,0,5,0
1998,127,"Total - Sub-Saharan Africa",515,279,4,218,14
1998,128,"Antigua",2,0,0,0,2
1998,129,"Argentina",27,4,7,8,8
1998,130,"Bahamas, The",24,0,19,5,0
1998,131,"Barbados",7,1,0,6,0
1998,132,"Belize",1,1,0,0,0
1998,133,"Bolivia",23,8,1,9,5
1998,134,"Brazil",36,5,5,20,6
1998,135,"Canada",156,17,57,0,82
1998,136,"Chile",21,4,3,9,5
1998,137,"Colombia",30,11,1,13,5
1998,138,"Costa Rica",8,2,0,6,0
1998,139,"Cuba (Guantanamo)",1348,145,671,531,1
1998,140,"Dominican Republic",11,1,1,8,1
1998,141,"Ecuador",367,355,1,6,5
1998,142,"El Salvador",21,9,0,11,1
1998,143,"Guatemala",16,7,0,8,1
1998,144,"Haiti",356,300,0,56,0
1998,145,"Honduras",594,402,1,11,180
1998,146,"Jamaica",8,1,1,6,0
1998,147,"Mexico",25,6,4,11,4
1998,148,"Nicaragua",9,3,0,5,1
1998,149,"Panama",4694,2622,102,258,1712
1998,150,"Paraguay",10,3,0,6,1
1998,151,"Peru",26,4,3,13,6
1998,152,"Suriname",2,2,0,0,0
1998,153,"Trinidad and Tobago",7,0,0,7,0
1998,154,"Uruguay",9,1,0,7,1
1998,155,"Venezuela",28,8,2,9,9
1998,156,"Afloat",2920,0,2669,251,0
1998,157,"Total - Western Hemisphere",10786,3922,3548,1280,2036
1998,158,"Ashore",8216,2294,3933,1989,0
1998,159,"Afloat",272,0,272,0,0
1998,160,"Total - Undistributed",8488,2294,4205,1989,0
1998,161,"Total - Foreign Countries",259871,109447,58964,28922,62538
1998,162,"Ashore",218957,109447,22556,24416,62538
1998,163,"Afloat",40914,0,36408,4506,0
1998,164,"NATO Countries",102860,60531,10177,851,31301
1998,165,"Forward Deployment Pacific Theater",100610,30095,24170,21572,24773
1998,166,"Total - Worldwide",1406830,483880,382338,173142,367470
1999,0,"Continental United States (CONUS)",947548,350558,189989,132449,274552
1999,1,"Alaska",15714,6196,90,25,9403
1999,2,"Hawaii",32708,14692,7397,6136,4483
1999,3,"Guam",3621,35,1645,4,1937
1999,4,"Johnston Atoll",217,198,3,0,16
1999,5,"Puerto Rico",2619,584,1914,46,75
1999,6,"Trust Territory of the Pacific Islands",30,30,0,0,0
1999,7,"U. S. Virgin Islands",4,2,1,0,1
1999,8,"Transients",30954,8096,12783,4833,5242
1999,9,"Afloat",99525,0,99525,0,0
1999,10,"Total - United States and Territories",1132940,380391,313347,143493,295709
1999,11,"Albania",1,1,0,0,0
1999,12,"Austria",31,7,0,15,9
1999,13,"Belgium",1649,976,107,37,529
1999,14,"Bosnia and Herzegovina",5800,5620,70,10,100
1999,15,"Bulgaria",11,2,1,5,3
1999,16,"Croatia",145,135,0,5,5
1999,17,"Cyprus",38,2,0,29,7
1999,18,"Czech Republic",15,2,1,9,3
1999,19,"Denmark",32,2,7,6,17
1999,20,"Estonia",1,0,1,0,0
1999,21,"Finland",15,2,2,9,2
1999,22,"France",73,11,12,30,20
1999,23,"Germany",65538,50193,265,269,14811
1999,24,"Gibraltar",5,0,5,0,0
1999,25,"Greece",652,14,239,224,175
1999,26,"Greenland",129,0,0,0,129
1999,27,"Hungary",87,11,0,69,7
1999,28,"Iceland",1681,3,1032,58,588
1999,29,"Ireland",7,2,0,5,0
1999,30,"Italy",11530,2367,4653,247,4263
1999,31,"Lithuania",1,0,1,0,0
1999,32,"Luxembourg",8,8,0,0,0
1999,33,"Macedonia, The Former Yugoslav Republic of",1100,1090,0,7,3
1999,34,"Malta",6,0,0,6,0
1999,35,"Netherlands",673,357,11,13,292
1999,36,"Norway",95,9,12,20,54
1999,37,"Poland",19,5,0,11,3
1999,38,"Portugal",1024,17,58,8,941
1999,39,"Romania",19,3,0,13,3
1999,40,"Serbia (includes Kosovo)",6410,6350,0,10,50
1999,41,"Slovenia",2,0,0,1,1
1999,42,"Spain",2127,9,1724,141,253
1999,43,"Sweden",13,1,1,5,6
1999,44,"Switzerland",18,1,0,13,4
1999,45,"Turkey",2312,385,15,51,1861
1999,46,"United Kingdom",11311,397,1268,181,9465
1999,47,"Afloat",3630,0,1291,2339,0
1999,48,"Total - Europe",116208,67982,10776,3846,33604
1999,49,"Armenia",2,1,0,0,1
1999,50,"Azerbaijan",2,0,0,1,1
1999,51,"Belarus",9,3,0,6,0
1999,52,"Georgia",5,3,0,1,1
1999,53,"Kazakhstan",11,3,1,5,2
1999,54,"Kyrgyzstan",8,1,0,6,1
1999,55,"Moldova",5,4,0,0,1
1999,56,"Russia",88,12,4,55,17
1999,57,"Tajikistan",1,1,0,0,0
1999,58,"Turkmenistan",1,1,0,0,0
1999,59,"Ukraine",18,3,1,10,4
1999,60,"Uzbekistan",2,1,0,0,1
1999,61,"Total - Former Soviet Union",152,33,6,84,29
1999,62,"Australia",323,17,67,19,220
1999,63,"Burma",11,4,0,6,1
1999,64,"Cambodia",1,1,0,0,0
1999,65,"China",57,8,11,32,6
1999,66,"Fiji",1,0,0,1,0
1999,67,"Indonesia",50,6,27,12,5
1999,68,"Japan",40338,1782,5868,19107,13581
1999,69,"Korea, Republic of",35913,26817,317,99,8680
1999,70,"Laos",3,1,0,0,2
1999,71,"Malaysia",14,2,2,6,4
1999,72,"New Zealand",6,2,2,0,2
1999,73,"Philippines",84,8,56,12,8
1999,74,"Singapore",167,6,93,24,44
1999,75,"Thailand",120,39,10,43,28
1999,76,"Vietnam",11,4,0,6,1
1999,77,"Afloat",21007,0,18772,2235,0
1999,78,"Total - East Asia and Pacific",98106,28697,25225,21602,22582
1999,79,"Algeria",7,1,0,5,1
1999,80,"Bahrain",1511,16,741,733,21
1999,81,"Bangladesh",8,2,0,6,0
1999,82,"Diego Garcia",670,5,641,0,24
1999,83,"Egypt",892,723,28,67,74
1999,84,"India",25,4,5,13,3
1999,85,"Israel",35,6,2,16,11
1999,86,"Jordan",27,10,0,10,7
1999,87,"Kuwait",4011,611,11,1133,2256
1999,88,"Lebanon",2,2,0,0,0
1999,89,"Morocco",12,2,1,6,3
1999,90,"Nepal",6,0,0,6,0
1999,91,"Oman",101,2,1,10,88
1999,92,"Pakistan",26,4,1,16,5
1999,93,"Qatar",39,34,0,0,5
1999,94,"Saudi Arabia",5552,373,25,35,5119
1999,95,"Sri Lanka",9,1,1,7,0
1999,96,"Syria",9,4,0,5,0
1999,97,"Tunisia",13,3,2,5,3
1999,98,"United Arab Emirates",679,4,6,263,406
1999,99,"Yemen",4,1,0,3,0
1999,100,"Afloat",16120,0,16120,0,0
1999,101,"Total - North Africa, Near East, and South Asia",29758,1808,17585,2339,8026
1999,102,"Botswana",4,0,0,4,0
1999,103,"Burundi",6,0,0,6,0
1999,104,"Cameroon",9,2,0,6,1
1999,105,"Chad",10,3,0,7,0
1999,106,"Congo (Kinshasa)",6,1,0,4,1
1999,107,"Cote D'Ivoire",26,4,1,20,1
1999,108,"Djibouti",2,2,0,0,0
1999,109,"Eritrea",1,0,0,0,1
1999,110,"Ethiopia",8,2,0,6,0
1999,111,"Ghana",9,4,0,5,0
1999,112,"Guinea",6,0,0,6,0
1999,113,"Kenya",95,11,1,80,3
1999,114,"Liberia",11,1,0,8,2
1999,115,"Malawi",1,1,0,0,0
1999,116,"Mali",6,0,0,6,0
1999,117,"Mozambique",8,0,0,8,0
1999,118,"Niger",6,1,0,5,0
1999,119,"Nigeria",13,2,0,9,2
1999,120,"Senegal",7,0,1,6,0
1999,121,"Somalia",1,0,1,0,0
1999,122,"South Africa",32,3,1,24,4
1999,123,"St. Helena (Includes Ascension Island)",2,0,0,0,2
1999,124,"Tanzania, United Republic of",8,0,0,8,0
1999,125,"Togo",5,0,0,5,0
1999,126,"Uganda",6,0,0,6,0
1999,127,"Zambia",5,0,0,5,0
1999,128,"Zimbabwe",8,2,0,6,0
1999,129,"Total - Sub-Saharan Africa",301,39,5,240,17
1999,130,"Antigua",2,0,0,0,2
1999,131,"Argentina",24,4,3,10,7
1999,132,"Bahamas, The",23,0,17,6,0
1999,133,"Barbados",9,1,1,7,0
1999,134,"Belize",2,1,1,0,0
1999,135,"Bolivia",29,10,2,11,6
1999,136,"Brazil",43,11,7,21,4
1999,137,"Canada",150,7,57,10,76
1999,138,"Chile",30,5,4,14,7
1999,139,"Colombia",41,11,2,22,6
1999,140,"Costa Rica",9,2,0,7,0
1999,141,"Cuba (Guantanamo)",1030,5,527,497,1
1999,142,"Dominican Republic",11,1,1,8,1
1999,143,"Ecuador",21,6,2,8,5
1999,144,"El Salvador",30,8,0,20,2
1999,145,"Guatemala",19,8,0,10,1
1999,146,"Haiti",59,4,0,55,0
1999,147,"Honduras",513,344,0,1,168
1999,148,"Jamaica",10,1,3,6,0
1999,149,"Mexico",33,13,4,14,2
1999,150,"Nicaragua",15,3,0,11,1
1999,151,"Panama",19,10,5,1,3
1999,152,"Paraguay",13,4,0,8,1
1999,153,"Peru",50,5,7,30,8
1999,154,"Suriname",2,2,0,0,0
1999,155,"Trinidad and Tobago",6,0,0,6,0
1999,156,"Uruguay",11,2,2,6,1
1999,157,"Venezuela",30,8,1,12,9
1999,158,"Afloat",4825,0,4825,0,0
1999,159,"Total - Western Hemisphere",7059,476,5471,801,311
1999,160,"Ashore",1129,0,581,236,312
1999,161,"Afloat",50,0,50,0,0
1999,162,"Total - Undistributed",1179,0,631,236,312
1999,163,"Total - Foreign Countries",252763,99035,59699,29148,64881
1999,164,"Ashore",207156,99035,18666,24574,64881
1999,165,"Afloat",45607,0,41033,4574,0
1999,166,"NATO Countries",98955,54766,9404,1374,33411
1999,167,"Forward Deployment Pacific Theater",102688,28946,27521,21654,24567
1999,168,"Total - Worldwide",1385703,479426,373046,172641,360590
2000,0,"Continental United States (CONUS)",938753,345343,187575,135516,270319
2000,1,"Alaska",15757,6218,92,21,9426
2000,2,"Hawaii",33930,15483,7998,5960,4489
2000,3,"Guam",3266,40,1490,5,1731
2000,4,"Johnston Atoll",229,210,0,0,19
2000,5,"Puerto Rico",2896,796,1997,28,75
2000,6,"Trust Territory of the Pacific Islands",25,25,0,0,0
2000,7,"U. S. Virgin Islands",4,1,3,0,0
2000,8,"Transients",29699,10455,11639,2404,5201
2000,9,"Afloat",101962,0,101962,0,0
2000,10,"Total - United States and Territories",1126521,378571,312756,143934,291260
2000,11,"Albania",5,2,2,0,1
2000,12,"Austria",18,6,0,7,5
2000,13,"Belgium",1554,916,95,33,510
2000,14,"Bosnia and Herzegovina",5708,5675,30,2,1
2000,15,"Bulgaria",10,3,1,4,2
2000,16,"Croatia",138,130,0,7,1
2000,17,"Cyprus",41,3,0,32,6
2000,18,"Czech Republic",12,2,0,5,5
2000,19,"Denmark",26,2,6,7,11
2000,20,"Estonia",7,0,1,6,0
2000,21,"Finland",21,2,3,13,3
2000,22,"France",67,11,11,23,22
2000,23,"Germany",69203,53995,276,271,14661
2000,24,"Gibraltar",5,0,5,0,0
2000,25,"Greece",678,63,248,188,179
2000,26,"Greenland",125,0,0,0,125
2000,27,"Hungary",375,350,0,18,7
2000,28,"Iceland",1636,1,988,54,593
2000,29,"Ireland",7,2,0,5,0
2000,30,"Italy",11190,2341,4692,131,4026
2000,31,"Lithuania",1,0,1,0,0
2000,32,"Luxembourg",6,6,0,0,0
2000,33,"Macedonia, The Former Yugoslav Republic of",347,345,0,0,2
2000,34,"Malta",5,0,0,5,0
2000,35,"Netherlands",659,359,12,13,275
2000,36,"Norway",81,8,11,18,44
2000,37,"Poland",14,6,0,6,2
2000,38,"Portugal",1005,15,54,7,929
2000,39,"Romania",13,3,1,7,2
2000,40,"Serbia (includes Kosovo)",5427,5395,0,6,26
2000,41,"Slovenia",9,5,0,3,1
2000,42,"Spain",2007,36,1625,86,260
2000,43,"Sweden",12,1,1,5,5
2000,44,"Switzerland",19,1,1,14,3
2000,45,"Turkey",2006,184,18,45,1759
2000,46,"United Kingdom",11207,383,1249,165,9410
2000,47,"Afloat",3767,0,1512,2255,0
2000,48,"Total - Europe",117411,70251,10843,3441,32876
2000,49,"Armenia",2,1,0,0,1
2000,50,"Azerbaijan",2,0,0,1,1
2000,51,"Belarus",1,1,0,0,0
2000,52,"Georgia",4,2,0,1,1
2000,53,"Kazakhstan",11,2,0,7,2
2000,54,"Kyrgyzstan",9,1,0,7,1
2000,55,"Moldova",4,3,0,0,1
2000,56,"Russia",101,19,4,65,13
2000,57,"Tajikistan",1,1,0,0,0
2000,58,"Turkmenistan",6,1,0,5,0
2000,59,"Ukraine",16,2,1,10,3
2000,60,"Uzbekistan",3,1,0,0,2
2000,61,"Total - Former Soviet Union",160,34,5,96,25
2000,62,"Australia",175,11,71,22,71
2000,63,"Burma",7,2,0,4,1
2000,64,"Cambodia",4,3,0,1,0
2000,65,"China (Includes Hong Kong)",74,12,17,38,7
2000,66,"Fiji",2,0,1,1,0
2000,67,"Indonesia (Includes Timor)",51,9,27,12,3
2000,68,"Japan",40159,1787,5496,19682,13194
2000,69,"Korea, Republic of",36565,27481,318,97,8669
2000,70,"Laos",2,1,0,0,1
2000,71,"Malaysia",18,3,2,8,5
2000,72,"New Zealand",6,1,2,0,3
2000,73,"Philippines",79,8,54,10,7
2000,74,"Singapore",411,6,85,278,42
2000,75,"Thailand",526,39,9,453,25
2000,76,"Vietnam",16,5,0,9,2
2000,77,"Afloat",23352,0,23307,45,0
2000,78,"Total - East Asia and Pacific",101447,29368,29389,20660,22030
2000,79,"Algeria",6,1,0,4,1
2000,80,"Bahrain",949,33,734,155,27
2000,81,"Bangladesh",8,2,0,6,0
2000,82,"Diego Garcia",625,3,598,0,24
2000,83,"Egypt",499,354,33,42,70
2000,84,"India",20,4,3,8,5
2000,85,"Israel",36,6,3,15,12
2000,86,"Jordan",29,13,2,8,6
2000,87,"Kuwait",4602,2235,10,36,2321
2000,88,"Lebanon",3,3,0,0,0
2000,89,"Morocco",17,2,2,9,4
2000,90,"Nepal",5,0,0,5,0
2000,91,"Oman",251,2,60,10,179
2000,92,"Pakistan",22,3,2,12,5
2000,93,"Qatar",52,36,1,0,15
2000,94,"Saudi Arabia",7053,770,325,63,5895
2000,95,"Sri Lanka",8,1,2,5,0
2000,96,"Syria",9,3,0,6,0
2000,97,"Tunisia",12,3,2,5,2
2000,98,"United Arab Emirates",402,0,7,8,387
2000,99,"Yemen",4,3,0,1,0
2000,100,"Afloat",14772,0,14772,0,0
2000,101,"Total - North Africa, Near East, and South Asia",29384,3477,16556,398,8953
2000,102,"Botswana",6,0,0,6,0
2000,103,"Burundi",6,0,0,6,0
2000,104,"Cameroon",8,2,0,5,1
2000,105,"Chad",9,4,0,5,0
2000,106,"Congo (Kinshasa)",5,1,0,4,0
2000,107,"Cote D'Ivoire",27,5,0,20,2
2000,108,"Djibouti",2,2,0,0,0
2000,109,"Eritrea",1,0,0,0,1
2000,110,"Ethiopia",10,2,0,8,0
2000,111,"Ghana",10,4,0,6,0
2000,112,"Guinea",6,1,0,5,0
2000,113,"Kenya",21,10,0,8,3
2000,114,"Liberia",7,1,0,5,1
2000,115,"Malawi",1,1,0,0,0
2000,116,"Mali",6,0,0,6,0
2000,117,"Mozambique",5,0,0,5,0
2000,118,"Niger",5,0,0,5,0
2000,119,"Nigeria",12,2,0,8,2
2000,120,"Senegal",10,1,1,8,0
2000,121,"Somalia",1,0,1,0,0
2000,122,"South Africa",34,4,1,22,7
2000,123,"St. Helena (Includes Ascension Island)",2,0,0,0,2
2000,124,"Tanzania, United Republic of",7,0,0,7,0
2000,125,"Togo",5,0,0,5,0
2000,126,"Uganda",5,0,0,5,0
2000,127,"Zambia",5,0,0,5,0
2000,128,"Zimbabwe",8,2,0,6,0
2000,129,"Total - Sub-Saharan Africa",224,42,3,160,19
2000,130,"Antigua",3,0,0,1,2
2000,131,"Argentina",26,4,4,11,7
2000,132,"Bahamas, The",24,0,16,8,0
2000,133,"Barbados",11,2,2,7,0
2000,134,"Belize",2,1,1,0,0
2000,135,"Bolivia",20,5,2,7,6
2000,136,"Brazil",38,5,6,23,4
2000,137,"Canada",156,8,56,9,83
2000,138,"Chile",26,4,4,13,5
2000,139,"Colombia",224,166,8,24,26
2000,140,"Costa Rica",9,1,0,8,0
2000,141,"Cuba (Guantanamo)",688,7,441,239,1
2000,142,"Dominican Republic",12,1,1,9,1
2000,143,"Ecuador",20,5,2,8,5
2000,144,"El Salvador",27,9,1,15,2
2000,145,"Grenada",38,0,0,38,0
2000,146,"Guatemala",18,7,0,10,1
2000,147,"Haiti",21,3,0,18,0
2000,148,"Honduras",351,156,2,14,179
2000,149,"Jamaica",11,0,4,7,0
2000,150,"Mexico",29,10,4,10,5
2000,151,"Nicaragua",15,4,0,10,1
2000,152,"Panama",20,8,5,6,1
2000,153,"Paraguay",86,4,0,81,1
2000,154,"Peru",425,5,11,404,5
2000,155,"Suriname",2,2,0,0,0
2000,156,"Trinidad and Tobago",6,0,0,6,0
2000,157,"Uruguay",12,2,1,7,2
2000,158,"Venezuela",28,8,2,10,8
2000,159,"Afloat",3068,0,3068,0,0
2000,160,"Total - Western Hemisphere",5416,427,3641,1003,345
2000,161,"Ashore",3775,0,0,3629,146
2000,162,"Total - Undistributed",3775,0,0,3629,146
2000,163,"Total - Foreign Countries",257817,103599,60437,29387,64394
2000,164,"Ashore",212858,103599,17778,27087,64394
2000,165,"Afloat",44959,0,42659,2300,0
2000,166,"NATO Countries",101851,58678,9285,1070,32818
2000,167,"Forward Deployment Pacific Theater",105630,29631,31484,20701,23814
2000,168,"Total - Worldwide",1384338,482170,373193,173321,355654
2001,0,"Continental United States (CONUS)",951878,346021,196799,135929,273129
2001,1,"Alaska",15802,6445,80,26,9251
2001,2,"Hawaii",34322,15709,8349,5821,4443
2001,3,"Guam",3322,33,1615,20,1654
2001,4,"Johnston Atoll",33,7,0,0,26
2001,5,"Puerto Rico",2796,781,1935,24,56
2001,6,"Trust Territory of the Pacific Islands",25,25,0,0,0
2001,7,"U. S. Virgin Islands",6,1,4,0,1
2001,8,"Transients",23943,9218,10512,2436,1777
2001,9,"Afloat",98201,0,98201,0,0
2001,10,"Total - United States and Territories",1130328,378240,317495,144256,290337
2001,11,"Albania",4,2,1,0,1
2001,12,"Austria",24,4,0,15,5
2001,13,"Belgium",1578,894,105,30,549
2001,14,"Bosnia and Herzegovina",3116,3100,10,5,1
2001,15,"Bulgaria",11,3,1,5,2
2001,16,"Croatia",1,0,0,0,1
2001,17,"Cyprus",30,3,0,22,5
2001,18,"Czech Republic",16,2,0,9,5
2001,19,"Denmark",28,2,5,7,14
2001,20,"Estonia",7,0,1,6,0
2001,21,"Finland",15,2,1,9,3
2001,22,"France",71,11,14,24,22
2001,23,"Germany",70998,55149,322,279,15248
2001,24,"Gibraltar",5,0,5,0,0
2001,25,"Greece",506,71,283,84,68
2001,26,"Greenland",153,0,0,0,153
2001,27,"Hungary",29,6,0,14,9
2001,28,"Iceland",1743,3,1022,48,670
2001,29,"Ireland",7,2,0,5,0
2001,30,"Italy",11704,2326,5174,149,4055
2001,31,"Latvia",3,2,0,0,1
2001,32,"Lithuania",4,2,1,1,0
2001,33,"Luxembourg",10,10,0,0,0
2001,34,"Macedonia, The Former Yugoslav Republic of",351,350,0,0,1
2001,35,"Malta",5,0,0,5,0
2001,36,"Netherlands",676,360,23,12,281
2001,37,"Norway",83,9,15,14,45
2001,38,"Poland",17,5,0,9,3
2001,39,"Portugal",1005,15,58,7,925
2001,40,"Romania",20,5,1,12,2
2001,41,"Serbia (includes Kosovo)",5679,5675,1,1,2
2001,42,"Slovakia",1,0,0,0,1
2001,43,"Slovenia",11,5,0,5,1
2001,44,"Spain",1990,38,1554,141,257
2001,45,"Sweden",12,1,1,6,4
2001,46,"Switzerland",18,1,1,12,4
2001,47,"Turkey",2153,172,26,196,1759
2001,48,"United Kingdom",11318,410,1217,165,9526
2001,49,"Afloat",4703,0,2632,2071,0
2001,50,"Total - Europe",118105,68640,12474,3368,33623
2001,51,"Armenia",2,1,0,0,1
2001,52,"Azerbaijan",8,0,0,7,1
2001,53,"Belarus",1,1,0,0,0
2001,54,"Georgia",5,2,0,2,1
2001,55,"Kazakhstan",10,2,0,6,2
2001,56,"Kyrgyzstan",8,1,0,6,1
2001,57,"Moldova",3,2,0,0,1
2001,58,"Russia",93,21,5,54,13
2001,59,"Tajikistan",1,1,0,0,0
2001,60,"Turkmenistan",7,1,0,6,0
2001,61,"Ukraine",10,6,1,0,3
2001,62,"Uzbekistan",3,1,0,0,2
2001,63,"Total - Former Soviet Union",151,39,6,81,25
2001,64,"Australia",803,8,61,663,71
2001,65,"Burma",10,3,0,6,1
2001,66,"Cambodia",4,3,0,1,0
2001,67,"China (Includes Hong Kong)",57,10,12,29,6
2001,68,"Fiji",2,0,1,1,0
2001,69,"Indonesia (Includes Timor)",43,8,26,6,3
2001,70,"Japan",40217,1827,6189,19073,13128
2001,71,"Korea, Republic of",37605,28654,327,110,8514
2001,72,"Laos",3,2,0,0,1
2001,73,"Malaysia",18,3,2,6,7
2001,74,"New Zealand",6,1,2,0,3
2001,75,"Philippines",35,9,7,12,7
2001,76,"Singapore",160,8,92,16,44
2001,77,"Thailand",113,42,9,30,32
2001,78,"Vietnam",16,6,0,8,2
2001,79,"Afloat",12578,0,12382,196,0
2001,80,"Total - East Asia and Pacific",91670,30584,19110,20157,21819
2001,81,"Algeria",8,0,0,7,1
2001,82,"Bahrain",2065,38,1843,157,27
2001,83,"Bangladesh",8,2,0,6,0
2001,84,"Diego Garcia",590,4,557,0,29
2001,85,"Egypt",500,341,30,57,72
2001,86,"India",18,3,4,7,4
2001,87,"Iraq",1,0,0,1,0
2001,88,"Israel",35,5,3,15,12
2001,89,"Jordan",18,4,0,8,6
2001,90,"Kuwait",4208,2150,7,41,2010
2001,91,"Lebanon",3,3,0,0,0
2001,92,"Morocco",16,2,2,8,4
2001,93,"Nepal",6,0,0,6,0
2001,94,"Oman",673,0,122,7,544
2001,95,"Pakistan",21,1,2,12,6
2001,96,"Qatar",116,97,3,2,14
2001,97,"Saudi Arabia",4805,285,29,47,4444
2001,98,"Sri Lanka",10,1,2,7,0
2001,99,"Syria",9,2,0,7,0
2001,100,"Tunisia",15,4,2,7,2
2001,101,"United Arab Emirates",204,0,7,7,190
2001,102,"Yemen",3,3,0,0,0
2001,103,"Afloat",13546,0,13546,0,0
2001,104,"Total - North Africa, Near East, and South Asia",26878,2945,16159,409,7365
2001,105,"Angola",4,2,0,2,0
2001,106,"Botswana",6,0,0,6,0
2001,107,"Burundi",6,0,0,6,0
2001,108,"Cameroon",10,2,0,7,1
2001,109,"Chad",8,3,0,5,0
2001,110,"Congo (Kinshasa)",8,2,0,5,1
2001,111,"Cote D'Ivoire",22,6,1,13,2
2001,112,"Djibouti",1,1,0,0,0
2001,113,"Eritrea",0,0,0,0,0
2001,114,"Ethiopia",9,2,0,7,0
2001,115,"Gabon",1,1,0,0,0
2001,116,"Ghana",8,2,0,6,0
2001,117,"Guinea",7,1,0,6,0
2001,118,"Kenya",62,7,1,51,3
2001,119,"Liberia",9,1,0,7,1
2001,120,"Malawi",1,1,0,0,0
2001,121,"Mali",6,0,0,6,0
2001,122,"Mozambique",5,0,0,5,0
2001,123,"Niger",7,1,0,6,0
2001,124,"Nigeria",12,2,0,8,2
2001,125,"Rwanda",1,1,0,0,0
2001,126,"Senegal",10,1,2,7,0
2001,127,"Sierra Leone",3,1,0,1,1
2001,128,"Somalia",0,0,0,0,0
2001,129,"South Africa",31,3,1,22,5
2001,130,"St. Helena (Includes Ascension Island)",2,0,0,0,2
2001,131,"Tanzania, United Republic of",9,0,1,8,0
2001,132,"Togo",5,0,0,5,0
2001,133,"Uganda",9,1,0,8,0
2001,134,"Zambia",6,0,0,6,0
2001,135,"Zimbabwe",11,5,0,6,0
2001,136,"Total - Sub-Saharan Africa",279,46,6,209,18
2001,137,"Antigua",3,0,0,1,2
2001,138,"Argentina",22,4,4,8,6
2001,139,"Bahamas, The",64,0,19,45,0
2001,140,"Barbados",9,1,2,6,0
2001,141,"Belize",3,2,1,0,0
2001,142,"Bolivia",25,8,2,9,6
2001,143,"Brazil",39,6,8,21,4
2001,144,"Canada",163,13,53,9,88
2001,145,"Chile",337,5,5,319,8
2001,146,"Colombia",63,15,2,15,31
2001,147,"Costa Rica",7,2,0,5,0
2001,148,"Cuba (Guantanamo)",557,6,419,132,0
2001,149,"Dominican Republic",14,1,2,10,1
2001,150,"Ecuador",22,8,2,7,5
2001,151,"El Salvador",26,8,1,15,2
2001,152,"Grenada",3,0,0,3,0
2001,153,"Guatemala",16,8,0,7,1
2001,154,"Guyana",1,1,0,0,0
2001,155,"Haiti",13,4,0,9,0
2001,156,"Honduras",394,176,1,11,206
2001,157,"Jamaica",12,1,4,7,0
2001,158,"Mexico",27,8,2,12,5
2001,159,"Nicaragua",11,3,0,7,1
2001,160,"Panama",20,8,5,7,0
2001,161,"Paraguay",55,4,0,50,1
2001,162,"Peru",43,3,10,25,5
2001,163,"Suriname",2,2,0,0,0
2001,164,"Trinidad and Tobago",7,0,0,7,0
2001,165,"Uruguay",12,2,2,6,2
2001,166,"Venezuela",31,8,2,11,10
2001,167,"Afloat",12014,0,12014,0,0
2001,168,"Total - Western Hemisphere",14015,307,12560,764,384
2001,169,"Ashore",3690,0,0,3690,0
2001,170,"Total - Undistributed",3690,0,0,3690,0
2001,171,"Total - Foreign Countries",254788,102561,60315,28678,63234
2001,172,"Ashore",211947,102561,19741,26411,63234
2001,173,"Afloat",42841,0,40574,2267,0
2001,174,"NATO Countries",104078,59483,9818,1188,33589
2001,175,"Forward Deployment Pacific Theater",95678,30635,21290,20215,23538
2001,176,"Total - Worldwide",1385116,480801,377810,172934,353571
2002,0,"Continental United States (CONUS)",969215,354831,190074,133164,291146
2002,1,"Alaska",15906,6630,99,41,9136
2002,2,"Hawaii",34608,15985,8654,5680,4289
2002,3,"Guam",3149,34,1591,91,1433
2002,4,"Johnston Atoll",23,1,0,0,22
2002,5,"Puerto Rico",2592,818,1688,22,64
2002,6,"Trust Territory of the Pacific Islands",22,22,0,0,0
2002,7,"U. S. Virgin Islands",5,1,2,0,2
2002,8,"Transients",27863,4080,12742,2222,8819
2002,9,"Afloat",127767,0,127767,0,0
2002,10,"Total - United States and Territories",1181150,382402,342617,141220,314911
2002,11,"Albania",3,1,1,0,1
2002,12,"Austria",20,5,0,11,4
2002,13,"Belgium",1458,898,102,29,429
2002,14,"Bosnia and Herzegovina",3082,3047,0,34,1
2002,15,"Bulgaria",15,4,2,7,2
2002,16,"Cyprus",28,3,0,18,7
2002,17,"Czech Republic",15,3,0,9,3
2002,18,"Denmark",22,1,4,6,11
2002,19,"Estonia",8,0,2,6,0
2002,20,"Finland",17,3,1,9,4
2002,21,"France",74,17,13,23,21
2002,22,"Germany",68701,54154,310,246,13991
2002,23,"Gibraltar",5,0,5,0,0
2002,24,"Greece",593,92,418,18,65
2002,25,"Greenland",88,0,0,0,88
2002,26,"Hungary",19,5,0,8,6
2002,27,"Iceland",1665,3,1054,57,551
2002,28,"Ireland",9,2,0,7,0
2002,29,"Italy",12466,2940,5475,65,3986
2002,30,"Lithuania",7,0,1,6,0
2002,31,"Luxembourg",10,10,0,0,0
2002,32,"Macedonia, The Former Yugoslav Republic of",146,145,1,0,0
2002,33,"Malta",6,0,0,6,0
2002,34,"Netherlands",629,360,30,13,226
2002,35,"Norway",123,12,11,51,49
2002,36,"Poland",19,7,0,9,3
2002,37,"Portugal",992,17,53,9,913
2002,38,"Romania",13,4,1,6,2
2002,39,"Serbia (includes Kosovo)",2804,2793,0,6,5
2002,40,"Slovenia",11,0,0,7,4
2002,41,"Spain",2621,46,1432,896,247
2002,42,"Sweden",12,1,1,6,4
2002,43,"Switzerland",19,1,2,13,3
2002,44,"Turkey",1587,122,24,23,1418
2002,45,"United Kingdom",10258,450,1213,87,8508
2002,46,"Afloat",5003,0,2664,2339,0
2002,47,"Total - Europe",112548,65146,12820,4030,30552
2002,48,"Azerbaijan",10,0,0,9,1
2002,49,"Georgia",7,0,0,7,0
2002,50,"Kazakhstan",6,0,0,5,1
2002,51,"Kyrgyzstan",7,0,0,6,1
2002,52,"Russia",78,22,4,42,10
2002,53,"Turkmenistan",5,0,0,4,1
2002,54,"Ukraine",13,9,1,0,3
2002,55,"Uzbekistan",3,0,0,0,3
2002,56,"Total - Former Soviet Union",129,31,5,73,20
2002,57,"Australia",171,15,69,21,66
2002,58,"Burma",11,3,0,7,1
2002,59,"Cambodia",5,5,0,0,0
2002,60,"China (Includes Hong Kong)",61,13,15,26,7
2002,61,"Fiji",2,0,1,1,0
2002,62,"Indonesia (Includes Timor)",28,11,5,9,3
2002,63,"Japan",41848,1856,7676,19217,13099
2002,64,"Korea, Republic of",37743,28527,342,155,8719
2002,65,"Laos",2,1,0,0,1
2002,66,"Malaysia",19,4,3,7,5
2002,67,"Marshall Islands",2,0,0,0,2
2002,68,"Mongolia",2,1,0,0,1
2002,69,"New Zealand",8,2,2,0,4
2002,70,"Philippines",86,10,7,61,8
2002,71,"Singapore",167,7,92,25,43
2002,72,"Thailand",125,41,9,49,26
2002,73,"Vietnam",15,4,0,7,4
2002,74,"Afloat",16090,0,13802,2288,0
2002,75,"Total - East Asia and Pacific",96385,30500,22023,21873,21989
2002,76,"Afghanistan (in/around not available)",0,0,0,0,0
2002,77,"Algeria",8,1,0,6,1
2002,78,"Bahrain",1560,19,1166,353,22
2002,79,"Bangladesh",35,3,0,32,0
2002,80,"Diego Garcia",548,3,521,0,24
2002,81,"Egypt",433,337,6,38,52
2002,82,"India",19,5,1,9,4
2002,83,"Israel",36,6,3,14,13
2002,84,"Jordan",32,13,0,13,6
2002,85,"Kuwait",567,402,4,134,27
2002,86,"Lebanon",2,2,0,0,0
2002,87,"Morocco",18,3,2,10,3
2002,88,"Nepal",7,1,0,6,0
2002,89,"Oman",31,3,1,11,16
2002,90,"Pakistan",31,4,2,19,6
2002,91,"Qatar",71,44,5,7,15
2002,92,"Saudi Arabia",776,312,28,239,197
2002,93,"Sri Lanka",7,0,1,6,0
2002,94,"Syria",9,2,0,6,1
2002,95,"Tunisia",17,8,2,5,2
2002,96,"United Arab Emirates",21,3,8,6,4
2002,97,"Yemen",4,4,0,0,0
2002,98,"Afloat",588,0,588,0,0
2002,99,"Total - North Africa, Near East, and South Asia",4820,1175,2338,914,393
2002,100,"Botswana",8,1,0,6,1
2002,101,"Burundi",6,0,0,5,1
2002,102,"Cameroon",10,2,0,7,1
2002,103,"Chad",9,3,0,6,0
2002,104,"Congo (Brazzaville)",1,1,0,0,0
2002,105,"Congo (Kinshasa)",6,2,0,4,0
2002,106,"Cote D'Ivoire",18,6,1,9,2
2002,107,"Djibouti",2,2,0,0,0
2002,108,"Eritrea",1,0,0,0,1
2002,109,"Ethiopia",11,3,0,8,0
2002,110,"Gabon",1,0,0,0,1
2002,111,"Ghana",5,1,0,4,0
2002,112,"Guinea",9,3,0,6,0
2002,113,"Kenya",43,13,0,25,5
2002,114,"Liberia",12,0,0,8,4
2002,115,"Madagascar",3,0,2,0,1
2002,116,"Mali",7,0,0,6,1
2002,117,"Mozambique",9,0,0,5,4
2002,118,"Niger",7,1,0,5,1
2002,119,"Nigeria",11,2,0,9,0
2002,120,"Senegal",8,1,1,6,0
2002,121,"Sierra Leone",1,0,0,1,0
2002,122,"South Africa",32,2,1,23,6
2002,123,"St. Helena (Includes Ascension Island)",2,0,0,0,2
2002,124,"Tanzania, United Republic of",10,0,1,9,0
2002,125,"Togo",6,0,0,6,0
2002,126,"Uganda",7,1,0,5,1
2002,127,"Zambia",8,1,0,6,1
2002,128,"Zimbabwe",10,4,0,6,0
2002,129,"Total - Sub-Saharan Africa",263,49,6,175,33
2002,130,"Antigua",1,0,0,0,1
2002,131,"Argentina",28,5,6,9,8
2002,132,"Bahamas, The",22,0,16,6,0
2002,133,"Barbados",10,1,1,6,2
2002,134,"Belize",1,1,0,0,0
2002,135,"Bolivia",20,7,2,7,4
2002,136,"Brazil",27,4,6,12,5
2002,137,"Canada",148,13,50,10,75
2002,138,"Chile",28,5,6,9,8
2002,139,"Colombia",39,11,4,17,7
2002,140,"Costa Rica",7,1,0,6,0
2002,141,"Cuba (Guantanamo)",549,7,478,64,0
2002,142,"Dominican Republic",55,2,1,50,2
2002,143,"Ecuador",35,9,3,9,14
2002,144,"El Salvador",23,8,0,12,3
2002,145,"Grenada",1,0,0,1,0
2002,146,"Guatemala",16,8,0,7,1
2002,147,"Guyana",1,1,0,0,0
2002,148,"Haiti",15,7,0,8,0
2002,149,"Honduras",402,194,3,8,197
2002,150,"Jamaica",12,1,3,8,0
2002,151,"Mexico",31,11,3,11,6
2002,152,"Netherlands Antilles",5,0,0,0,5
2002,153,"Nicaragua",13,4,0,9,0
2002,154,"Paraguay",14,5,0,8,1
2002,155,"Peru",41,7,12,17,5
2002,156,"Suriname",1,1,0,0,0
2002,157,"Trinidad and Tobago",5,0,0,5,0
2002,158,"Uruguay",12,3,1,6,2
2002,159,"Venezuela",27,10,1,9,7
2002,160,"Afloat",324,0,16,308,0
2002,161,"Total - Western Hemisphere",1913,326,612,622,353
2002,162,"Ashore",14426,6913,2687,4826,0
2002,163,"Total - Undistributed",14426,6913,2687,4826,0
2002,164,"Total - Foreign Countries",230484,104140,40491,32513,53340
2002,165,"Ashore",208479,104140,23421,27578,53340
2002,166,"Afloat",22005,0,17070,4935,0
2002,167,"NATO Countries",101252,59137,10139,1549,30427
2002,168,"Forward Deployment Pacific Theater",100207,30551,24141,22036,23479
2002,169,"Total - Worldwide",1411634,486542,383108,173733,368251
2003,0,"Continental United States (CONUS)",974571,367264,190584,132752,283971
2003,1,"Alaska",16282,6327,95,22,9838
2003,2,"Hawaii",34203,15985,8381,5161,4676
2003,3,"Guam",3293,40,1494,4,1755
2003,4,"Johnston Atoll",17,0,0,0,17
2003,5,"Puerto Rico",1562,300,1187,24,51
2003,6,"Trust Territory of the Pacific Islands",22,22,0,0,0
2003,7,"U. S. Virgin Islands",5,1,2,0,2
2003,8,"Transients",30118,5374,12281,2512,9951
2003,9,"Afloat",121540,0,121274,266,0
2003,10,"Total - United States and Territories",1181613,395313,335298,140741,310261
2003,11,"Albania",8,1,1,5,1
2003,12,"Austria",24,4,0,15,5
2003,13,"Belgium",1526,883,94,35,514
2003,14,"Bosnia and Herzegovina",3041,3007,0,22,12
2003,15,"Bulgaria",12,4,1,5,2
2003,16,"Cyprus",34,3,0,22,9
2003,17,"Czech Republic",14,3,0,8,3
2003,18,"Denmark",21,2,3,5,11
2003,19,"Estonia",6,0,1,5,0
2003,20,"Finland",16,2,2,9,3
2003,21,"France",93,13,9,23,48
2003,22,"Germany",74796,58064,295,229,16208
2003,23,"Gibraltar",5,0,5,0,0
2003,24,"Greece",583,81,417,13,72
2003,25,"Greenland",139,0,0,0,139
2003,26,"Hungary",15,4,0,5,6
2003,27,"Iceland",1747,2,1030,1,714
2003,28,"Ireland",7,2,0,5,0
2003,29,"Italy",13152,3310,5145,71,4626
2003,30,"Latvia",6,0,0,6,0
2003,31,"Lithuania",6,0,1,5,0
2003,32,"Luxembourg",12,11,0,1,0
2003,33,"Macedonia, The Former Yugoslav Republic of",41,16,1,18,6
2003,34,"Malta",3,0,0,3,0
2003,35,"Netherlands",703,352,27,11,313
2003,36,"Norway",86,11,11,14,50
2003,37,"Poland",18,5,1,8,4
2003,38,"Portugal",1094,14,57,7,1016
2003,39,"Romania",16,5,1,7,3
2003,40,"Serbia (includes Kosovo)",319,306,0,9,4
2003,41,"Slovenia",10,0,0,5,5
2003,42,"Spain",1893,47,1358,191,297
2003,43,"Sweden",11,1,1,6,3
2003,44,"Switzerland",18,1,2,10,5
2003,45,"Turkey",2021,303,32,17,1669
2003,46,"United Kingdom",11616,459,1196,95,9866
2003,47,"Afloat",4798,0,2638,2160,0
2003,48,"Total - Europe",117910,66916,12329,3051,35614
2003,49,"Azerbaijan",5,0,0,5,0
2003,50,"Georgia",45,0,0,45,0
2003,51,"Kazakhstan",5,0,0,4,1
2003,52,"Kyrgyzstan",27,0,0,27,0
2003,53,"Russia",78,20,4,41,13
2003,54,"Turkmenistan",5,0,0,5,0
2003,55,"Ukraine",13,9,0,0,4
2003,56,"Total - Former Soviet Union",178,29,4,127,18
2003,57,"Australia",574,17,78,407,72
2003,58,"Burma",9,2,0,5,2
2003,59,"Cambodia",5,5,0,0,0
2003,60,"China (Includes Hong Kong)",53,9,13,26,5
2003,61,"Fiji",1,0,0,1,0
2003,62,"Indonesia (Includes Timor)",21,6,3,9,3
2003,63,"Japan",40519,1823,6410,17967,14319
2003,64,"Korea, Democratic Peoples Republic of",24,0,0,24,0
2003,65,"Korea, Republic of",41145,31046,353,146,9600
2003,66,"Laos",5,1,0,2,2
2003,67,"Malaysia",19,3,3,7,6
2003,68,"Mongolia",2,1,0,1,0
2003,69,"New Zealand",7,2,2,0,3
2003,70,"Philippines",107,9,5,87,6
2003,71,"Singapore",171,5,98,23,45
2003,72,"Thailand",132,43,10,50,29
2003,73,"Vietnam",17,6,0,9,2
2003,74,"Afloat",17051,0,12655,4396,0
2003,75,"Total - East Asia and Pacific",99862,32978,19630,23160,24094
2003,76,"Afghanistan (not available)",0,0,0,0,0
2003,77,"Algeria",7,1,0,5,1
2003,78,"Bahrain",1514,21,1232,233,28
2003,79,"Bangladesh",7,2,0,5,0
2003,80,"Diego Garcia",528,2,473,0,53
2003,81,"Egypt",385,305,5,23,52
2003,82,"India",26,6,4,10,6
2003,83,"Iraq (See OIF Table)",0,0,0,0,0
2003,84,"Israel",36,6,3,13,14
2003,85,"Jordan",24,9,0,8,7
2003,86,"Kuwait (See OIF Table)",0,0,0,0,0
2003,87,"Lebanon",3,3,0,0,0
2003,88,"Morocco",14,2,1,7,4
2003,89,"Nepal",7,2,0,5,0
2003,90,"Oman",32,3,1,8,20
2003,91,"Pakistan",33,4,2,21,6
2003,92,"Qatar",2997,104,5,41,2847
2003,93,"Saudi Arabia",953,262,29,25,637
2003,94,"Sri Lanka",7,0,1,6,0
2003,95,"Syria",9,3,0,6,0
2003,96,"Tunisia",15,4,2,7,2
2003,97,"United Arab Emirates",73,4,6,8,55
2003,98,"Yemen",23,4,0,19,0
2003,99,"Afloat",605,0,605,0,0
2003,100,"Total - North Africa, Near East, and South Asia",7298,747,2369,450,3732
2003,101,"Botswana",6,0,0,6,0
2003,102,"Burundi",6,0,0,6,0
2003,103,"Cameroon",9,1,0,7,1
2003,104,"Chad",10,4,0,6,0
2003,105,"Congo (Kinshasa)",9,3,0,5,1
2003,106,"Cote D'Ivoire",20,4,1,14,1
2003,107,"Djibouti",498,1,0,497,0
2003,108,"Eritrea",2,0,0,0,2
2003,109,"Ethiopia",14,7,0,7,0
2003,110,"Ghana",12,4,0,8,0
2003,111,"Guinea",8,2,0,6,0
2003,112,"Kenya",33,12,1,15,5
2003,113,"Liberia",61,1,0,59,1
2003,114,"Madagascar",2,0,2,0,0
2003,115,"Malawi",1,1,0,0,0
2003,116,"Mali",5,0,0,5,0
2003,117,"Mozambique",5,0,0,5,0
2003,118,"Niger",5,1,0,4,0
2003,119,"Nigeria",14,2,0,9,3
2003,120,"Senegal",8,0,0,8,0
2003,121,"Sierra Leone",1,0,0,1,0
2003,122,"South Africa",31,2,1,22,6
2003,123,"St. Helena (Includes Ascension Island)",2,0,0,0,2
2003,124,"Tanzania, United Republic of",7,0,0,7,0
2003,125,"Togo",6,0,0,6,0
2003,126,"Uganda",7,1,0,6,0
2003,127,"Zambia",7,1,0,6,0
2003,128,"Zimbabwe",8,3,0,5,0
2003,129,"Total - Sub-Saharan Africa",797,50,5,720,22
2003,130,"Antigua",2,0,0,0,2
2003,131,"Argentina",28,3,4,9,12
2003,132,"Bahamas, The",25,0,20,5,0
2003,133,"Barbados",7,1,1,5,0
2003,134,"Belize",1,1,0,0,0
2003,135,"Bolivia",19,6,1,7,5
2003,136,"Brazil",34,4,6,20,4
2003,137,"Canada",141,10,42,8,81
2003,138,"Chile",25,5,5,7,8
2003,139,"Colombia",54,14,5,27,8
2003,140,"Costa Rica",6,0,0,6,0
2003,141,"Cuba (Guantanamo)",697,9,498,189,1
2003,142,"Dominican Republic",14,2,1,8,3
2003,143,"Ecuador",33,6,2,6,19
2003,144,"El Salvador",21,7,0,11,3
2003,145,"Guatemala",14,7,0,6,1
2003,146,"Haiti",13,6,0,7,0
2003,147,"Honduras",414,183,2,43,186
2003,148,"Jamaica",10,1,4,5,0
2003,149,"Mexico",30,8,4,12,6
2003,150,"Nicaragua",10,3,0,7,0
2003,151,"Paraguay",10,4,0,5,1
2003,152,"Peru",33,5,11,14,3
2003,153,"Suriname",2,2,0,0,0
2003,154,"Trinidad and Tobago",6,0,0,6,0
2003,155,"Uruguay",12,3,3,5,1
2003,156,"Venezuela",21,7,1,6,7
2003,157,"Afloat",18,0,18,0,0
2003,158,"Total - Western Hemisphere",1700,297,628,424,351
2003,159,"Ashore",21297,2971,8250,9106,970
2003,160,"Afloat",3722,0,3722,0,0
2003,161,"Total - Undistributed",25019,2971,11972,9106,970
2003,162,"Total - Foreign Countries (Less OIF)",252764,103988,46937,37038,64801
2003,163,"Ashore",226570,103988,27299,30482,64801
2003,164,"Afloat",26194,0,19638,6556,0
2003,165,"NATO Countries",109390,63564,9675,734,35417
2003,166,"Forward Deployment Pacific Theater",103782,33034,21606,23211,25931
2003,167,"Total - Worldwide",1434377,499301,382235,177779,375062
2004,0,"Continental United States (CONUS)",924310,367163,175481,103513,278153
2004,1,"Alaska",17385,7604,93,19,9669
2004,2,"Hawaii",35061,17068,7694,5541,4758
2004,3,"Guam",3221,38,1369,5,1809
2004,4,"Johnston Atoll",0,0,0,0,0
2004,5,"Puerto Rico",300,179,73,20,28
2004,6,"Trust Territory of the Pacific Islands",26,26,0,0,0
2004,7,"U. S. Virgin Islands",5,0,3,0,2
2004,8,"Transients",43232,6234,10385,21405,5208
2004,9,"Afloat",115494,0,115330,164,0
2004,10,"Total - United States and Territories",1139034,398312,310428,130667,299627
2004,11,"Albania",11,1,1,7,2
2004,12,"Austria",21,3,0,13,5
2004,13,"Belgium",1474,841,86,35,512
2004,14,"Bosnia and Herzegovina",951,883,10,24,34
2004,15,"Bulgaria",15,4,1,7,3
2004,16,"Cyprus",20,3,0,11,6
2004,17,"Czech Republic",15,3,0,9,3
2004,18,"Denmark",22,2,5,6,9
2004,19,"Estonia",6,0,1,5,0
2004,20,"Finland",16,2,2,9,3
2004,21,"France",77,11,9,23,34
2004,22,"Germany",76058,59292,284,231,16251
2004,23,"Gibraltar",6,0,6,0,0
2004,24,"Greece",473,20,378,13,62
2004,25,"Greenland",133,0,0,0,133
2004,26,"Hungary",18,5,0,7,6
2004,27,"Iceland",1491,1,818,1,671
2004,28,"Ireland",7,2,0,5,0
2004,29,"Italy",12606,3377,4428,63,4738
2004,30,"Latvia",7,0,0,7,0
2004,31,"Lithuania",6,0,0,6,0
2004,32,"Luxembourg",13,7,0,6,0
2004,33,"Macedonia, The Former Yugoslav Republic of",40,5,1,28,6
2004,34,"Malta",10,1,2,7,0
2004,35,"Netherlands",701,358,27,14,302
2004,36,"Norway",84,11,11,14,48
2004,37,"Poland",20,5,1,9,5
2004,38,"Portugal",1006,16,42,8,940
2004,39,"Romania",12,3,1,6,2
2004,40,"Serbia (includes Kosovo)",1814,1775,1,3,35
2004,41,"Slovakia",9,0,0,6,3
2004,42,"Slovenia",8,0,0,6,2
2004,43,"Spain",2012,66,1443,197,306
2004,44,"Sweden",12,1,1,5,5
2004,45,"Switzerland",18,1,1,13,3
2004,46,"Turkey",1762,78,29,16,1639
2004,47,"United Kingdom",11469,391,1054,92,9932
2004,48,"Afloat",2437,0,2437,0,0
2004,49,"Total - Europe",114860,67168,11080,912,35700
2004,50,"Armenia",6,0,0,6,0
2004,51,"Azerbaijan",6,0,0,6,0
2004,52,"Georgia",12,0,0,12,0
2004,53,"Kazakhstan",8,0,0,6,2
2004,54,"Kyrgyzstan",6,0,0,6,0
2004,55,"Moldova",1,1,0,0,0
2004,56,"Russia",84,26,3,44,11
2004,57,"Turkmenistan",6,0,0,6,0
2004,58,"Ukraine",14,9,1,0,4
2004,59,"Total - Former Soviet Union",143,36,4,86,17
2004,60,"Australia",196,22,74,29,71
2004,61,"Burma",9,3,0,6,0
2004,62,"Cambodia",5,5,0,0,0
2004,63,"China (Includes Hong Kong)",63,9,14,32,8
2004,64,"Fiji",1,0,1,0,0
2004,65,"Indonesia (Includes Timor)",24,8,4,9,3
2004,66,"Japan",36365,1790,4802,15533,14240
2004,67,"Korea, Democratic Peoples Republic of",4,0,0,4,0
2004,68,"Korea, Republic of",40840,31067,345,415,9013
2004,69,"Laos",4,1,0,2,1
2004,70,"Malaysia",14,2,2,6,4
2004,71,"Mongolia",1,1,0,0,0
2004,72,"New Zealand",8,3,2,0,3
2004,73,"Philippines",47,11,6,22,8
2004,74,"Singapore",237,5,162,22,48
2004,75,"Thailand",122,46,8,39,29
2004,76,"Vietnam",19,5,0,13,1
2004,77,"Afloat",11887,0,11885,2,0
2004,78,"Total - East Asia and Pacific",89846,32978,17305,16134,23429
2004,79,"Afghanistan (not available)",0,0,0,0,0
2004,80,"Algeria",10,1,0,8,1
2004,81,"Bahrain",1712,21,1492,171,28
2004,82,"Bangladesh",8,2,0,6,0
2004,83,"Diego Garcia",816,3,347,0,466
2004,84,"Egypt",348,284,8,6,50
2004,85,"India",30,8,4,10,8
2004,86,"Iraq (See OIF Table)",0,0,0,0,0
2004,87,"Israel",34,6,3,14,11
2004,88,"Jordan",25,10,0,8,7
2004,89,"Kuwait (See OIF Table)",0,0,0,0,0
2004,90,"Lebanon",3,3,0,0,0
2004,91,"Morocco",11,2,2,5,2
2004,92,"Nepal",9,3,0,6,0
2004,93,"Oman",34,3,1,9,21
2004,94,"Pakistan",33,4,1,22,6
2004,95,"Qatar",273,154,5,41,73
2004,96,"Saudi Arabia",235,101,24,26,84
2004,97,"Sri Lanka",10,2,1,7,0
2004,98,"Syria",9,3,0,6,0
2004,99,"Tunisia",15,6,2,6,1
2004,100,"United Arab Emirates",149,2,7,17,123
2004,101,"Yemen",22,3,0,19,0
2004,102,"Afloat",488,0,488,0,0
2004,103,"Total - North Africa, Near East, and South Asia",4274,621,2385,387,881
2004,104,"Botswana",9,4,0,5,0
2004,105,"Burundi",6,0,0,6,0
2004,106,"Cameroon",8,2,0,4,2
2004,107,"Chad",14,3,0,11,0
2004,108,"Congo (Kinshasa)",10,2,0,6,2
2004,109,"Cote D'Ivoire",10,2,0,8,0
2004,110,"Djibouti",412,1,0,411,0
2004,111,"Eritrea",2,0,0,0,2
2004,112,"Ethiopia",13,5,0,8,0
2004,113,"Gabon",1,1,0,0,0
2004,114,"Ghana",9,4,0,5,0
2004,115,"Guinea",8,2,0,6,0
2004,116,"Kenya",33,15,1,12,5
2004,117,"Liberia",11,0,0,10,1
2004,118,"Madagascar",1,0,1,0,0
2004,119,"Malawi",1,1,0,0,0
2004,120,"Mali",5,0,0,5,0
2004,121,"Mozambique",7,0,0,7,0
2004,122,"Niger",17,1,0,16,0
2004,123,"Nigeria",16,4,0,9,3
2004,124,"Senegal",9,3,1,5,0
2004,125,"Sierra Leone",1,0,0,1,0
2004,126,"South Africa",31,4,1,22,4
2004,127,"St. Helena (Includes Ascension Island)",2,0,0,0,2
2004,128,"Tanzania, United Republic of",12,2,1,9,0
2004,129,"Togo",6,0,0,6,0
2004,130,"Uganda",11,2,0,9,0
2004,131,"Zambia",7,1,0,6,0
2004,132,"Zimbabwe",10,4,0,6,0
2004,133,"Total - Sub-Saharan Africa",682,63,5,593,21
2004,134,"Antigua",3,0,0,0,3
2004,135,"Argentina",29,5,4,10,10
2004,136,"Bahamas, The",41,0,36,5,0
2004,137,"Barbados",10,1,0,9,0
2004,138,"Belize",2,1,1,0,0
2004,139,"Bolivia",21,8,2,6,5
2004,140,"Brazil",37,7,4,20,6
2004,141,"Canada",156,7,45,9,95
2004,142,"Chile",23,4,2,10,7
2004,143,"Colombia",55,19,5,25,6
2004,144,"Costa Rica",8,1,0,7,0
2004,145,"Cuba (Guantanamo)",682,11,486,184,1
2004,146,"Dominican Republic",14,2,0,10,2
2004,147,"Ecuador",32,5,2,6,19
2004,148,"El Salvador",23,8,1,12,2
2004,149,"Guatemala",21,7,0,13,1
2004,150,"Guyana",1,1,0,0,0
2004,151,"Haiti",26,5,0,21,0
2004,152,"Honduras",448,231,2,10,205
2004,153,"Jamaica",11,1,3,7,0
2004,154,"Mexico",32,9,3,15,5
2004,155,"Nicaragua",12,4,0,8,0
2004,156,"Panama",15,6,3,6,0
2004,157,"Paraguay",11,4,0,6,1
2004,158,"Peru",35,6,10,15,4
2004,159,"Suriname",2,2,0,0,0
2004,160,"Trinidad and Tobago",5,0,0,5,0
2004,161,"Uruguay",14,3,4,6,1
2004,162,"Venezuela",28,7,3,8,10
2004,163,"Afloat",28,0,28,0,0
2004,164,"Total - Western Hemisphere",1825,365,644,433,383
2004,165,"Ashore",70804,0,25978,28268,16558
2004,166,"Afloat",5368,0,5368,0,0
2004,167,"Total - Undistributed",76172,0,31346,28268,16558
2004,168,"Total - Foreign Countries (Less OIF)",287802,101231,62769,46813,76989
2004,169,"Ashore",267596,101231,42563,46813,76989
2004,170,"Afloat",20206,0,20206,0,0
2004,171,"NATO Countries",109301,64484,8615,744,35458
2004,172,"Forward Deployment Pacific Theater",93974,33038,19028,16190,25718
2004,173,"Total - Worldwide",1426836,499543,373197,177480,376616
2005,0,"Continental United States (CONUS)",894430,379500,162255,96202,256473
2005,1,"Alaska",18169,9020,100,30,9019
2005,2,"Hawaii",32629,15458,6524,5796,4851
2005,3,"Guam",3018,43,1252,4,1719
2005,4,"Puerto Rico",219,101,64,25,29
2005,5,"Trust Territory of the Pacific Islands",20,20,0,0,0
2005,6,"U. S. Virgin Islands",7,0,4,1,2
2005,7,"Wake Island",1,0,0,0,1
2005,8,"Transients",45678,6603,10597,24417,4061
2005,9,"Afloat",104226,0,104226,0,0
2005,10,"Total - United States and Territories",1098397,410745,285022,126475,276155
2005,11,"Albania",9,1,1,6,1
2005,12,"Austria",23,5,0,14,4
2005,13,"Belgium",1366,794,81,38,453
2005,14,"Bosnia and Herzegovina",263,206,21,11,25
2005,15,"Bulgaria",13,3,1,6,3
2005,16,"Cyprus",43,3,0,16,24
2005,17,"Czech Republic",14,3,0,8,3
2005,18,"Denmark",19,2,4,6,7
2005,19,"Estonia",5,0,1,4,0
2005,20,"Finland",16,2,2,9,3
2005,21,"France",58,10,11,18,19
2005,22,"Germany",66418,50377,286,295,15460
2005,23,"Gibraltar",3,0,3,0,0
2005,24,"Greece",428,10,366,10,42
2005,25,"Greenland",146,0,0,0,146
2005,26,"Hungary",16,5,0,6,5
2005,27,"Iceland",1270,1,597,0,672
2005,28,"Ireland",9,2,0,7,0
2005,29,"Italy",11841,3312,4048,56,4425
2005,30,"Latvia",7,0,0,7,0
2005,31,"Lithuania",8,0,2,6,0
2005,32,"Luxembourg",12,7,0,5,0
2005,33,"Macedonia, The Former Yugoslav Republic of",37,3,0,28,6
2005,34,"Malta",9,1,2,6,0
2005,35,"Netherlands",583,291,22,10,260
2005,36,"Norway",77,15,13,11,38
2005,37,"Poland",21,6,1,9,5
2005,38,"Portugal",970,19,39,8,904
2005,39,"Romania",18,4,1,8,5
2005,40,"Serbia (includes Kosovo)",1801,1765,0,0,36
2005,41,"Slovakia",9,0,0,7,2
2005,42,"Slovenia",8,0,0,6,2
2005,43,"Spain",1660,78,1070,193,319
2005,44,"Sweden",13,1,2,6,4
2005,45,"Switzerland",17,1,0,12,4
2005,46,"Turkey",1780,60,17,17,1686
2005,47,"United Kingdom",10752,406,791,78,9477
2005,48,"Afloat",1880,0,1880,0,0
2005,49,"Total - Europe",101622,57393,9262,927,34040
2005,50,"Armenia",6,0,0,6,0
2005,51,"Azerbaijan",4,0,0,4,0
2005,52,"Georgia",42,0,0,42,0
2005,53,"Kazakhstan",6,0,0,5,1
2005,54,"Kyrgyzstan",5,0,0,5,0
2005,55,"Moldova",1,1,0,0,0
2005,56,"Russia",44,28,4,2,10
2005,57,"Turkmenistan",5,0,0,5,0
2005,58,"Ukraine",11,7,0,0,4
2005,59,"Uzbekistan",1,1,0,0,0
2005,60,"Total - Former Soviet Union",125,37,4,69,15
2005,61,"Australia",196,26,62,40,68
2005,62,"Burma",9,3,0,5,1
2005,63,"Cambodia",5,5,0,0,0
2005,64,"China (Includes Hong Kong)",67,10,14,31,12
2005,65,"Fiji",1,0,1,0,0
2005,66,"Indonesia (Includes Timor)",23,8,2,11,2
2005,67,"Japan",35571,1665,4445,15926,13535
2005,68,"Korea, Republic of",30983,21372,326,241,9044
2005,69,"Laos",3,1,0,0,2
2005,70,"Malaysia",16,3,3,6,4
2005,71,"Mongolia",5,2,0,3,0
2005,72,"New Zealand",7,2,2,0,3
2005,73,"Philippines",55,10,5,34,6
2005,74,"Singapore",169,6,93,24,46
2005,75,"Thailand",114,42,8,35,29
2005,76,"Vietnam",13,4,0,9,0
2005,77,"Afloat",11617,0,11617,2207,0
2005,78,"Total - East Asia and Pacific",78854,23159,16578,16365,22752
2005,79,"Afghanistan (See Deployment Section)",0,0,0,0,0
2005,80,"Algeria",10,1,0,7,2
2005,81,"Bahrain",1641,20,1392,204,25
2005,82,"Bangladesh",7,2,0,5,0
2005,83,"Diego Garcia",683,3,307,0,373
2005,84,"Egypt",410,327,6,32,45
2005,85,"India",31,8,7,10,6
2005,86,"Iran",1,1,0,0,0
2005,87,"Iraq (See Deployment Section)",0,0,0,0,0
2005,88,"Israel",42,9,3,19,11
2005,89,"Jordan",25,10,0,7,8
2005,90,"Kuwait (See Deployment Section)",0,0,0,0,0
2005,91,"Lebanon",4,4,0,0,0
2005,92,"Morocco",15,3,3,6,3
2005,93,"Nepal",9,3,0,6,0
2005,94,"Oman",36,3,0,9,24
2005,95,"Pakistan",35,4,2,18,11
2005,96,"Qatar",463,170,3,75,215
2005,97,"Saudi Arabia",258,140,23,25,70
2005,98,"Sri Lanka",13,2,1,10,0
2005,99,"Syria",8,2,0,6,0
2005,100,"Tunisia",14,4,2,7,1
2005,101,"United Arab Emirates",71,3,7,16,45
2005,102,"Yemen",14,6,0,8,0
2005,103,"Afloat",2559,0,352,2207,0
2005,104,"Total - North Africa, Near East, and South Asia",6349,725,2108,2677,839
2005,105,"Angola",5,0,0,5,0
2005,106,"Botswana",9,3,0,6,0
2005,107,"Burundi",8,1,0,7,0
2005,108,"Cameroon",9,2,0,6,1
2005,109,"Chad",8,3,0,5,0
2005,110,"Congo (Brazzaville)",0,0,0,0,0
2005,111,"Congo (Kinshasa)",7,2,0,5,0
2005,112,"Cote D'Ivoire",15,5,0,10,0
2005,113,"Djibouti",622,1,0,621,0
2005,114,"Eritrea",1,0,0,1,0
2005,115,"Ethiopia",13,7,0,6,0
2005,116,"Gabon",1,1,0,0,0
2005,117,"Ghana",14,6,0,8,0
2005,118,"Guinea",8,1,0,7,0
2005,119,"Kenya",32,13,1,14,4
2005,120,"Liberia",11,2,0,8,1
2005,121,"Madagascar",2,0,2,0,0
2005,122,"Malawi",1,1,0,0,0
2005,123,"Mali",6,1,0,5,0
2005,124,"Mozambique",5,0,0,5,0
2005,125,"Niger",6,0,0,6,0
2005,126,"Nigeria",21,4,0,15,2
2005,127,"Rwanda",1,0,0,1,0
2005,128,"Senegal",42,2,0,40,0
2005,129,"Sierra Leone",1,0,0,1,0
2005,130,"Somalia",8,0,8,0,0
2005,131,"South Africa",33,5,1,22,5
2005,132,"St. Helena (Includes Ascension Island)",3,0,0,0,3
2005,133,"Sudan",3,2,0,0,1
2005,134,"Tanzania, United Republic of",11,2,1,8,0
2005,135,"Togo",6,0,0,6,0
2005,136,"Uganda",11,2,0,9,0
2005,137,"Zambia",9,3,0,6,0
2005,138,"Zimbabwe",7,1,0,6,0
2005,139,"Total - Sub-Saharan Africa",939,70,13,839,17
2005,140,"Antigua",1,0,0,0,1
2005,141,"Argentina",28,5,4,9,10
2005,142,"Bahamas, The",41,0,35,6,0
2005,143,"Barbados",7,1,0,6,0
2005,144,"Belize",2,1,1,0,0
2005,145,"Bolivia",18,7,1,5,5
2005,146,"Brazil",39,10,5,19,5
2005,147,"Canada",150,7,47,7,89
2005,148,"Chile",29,6,5,11,7
2005,149,"Colombia",52,17,4,24,7
2005,150,"Costa Rica",7,1,0,6,0
2005,151,"Cuba (Guantanamo)",950,249,556,145,0
2005,152,"Dominican Republic",11,2,0,7,2
2005,153,"Ecuador",32,6,2,6,18
2005,154,"El Salvador",22,8,1,11,2
2005,155,"Guatemala",12,6,0,5,1
2005,156,"Guyana",1,1,0,0,0
2005,157,"Haiti",14,6,0,8,0
2005,158,"Honduras",438,221,2,8,207
2005,159,"Jamaica",9,1,3,5,0
2005,160,"Mexico",30,9,3,12,6
2005,161,"Nicaragua",13,5,0,8,0
2005,162,"Panama",12,6,1,5,0
2005,163,"Paraguay",10,4,0,5,1
2005,164,"Peru",37,8,12,14,3
2005,165,"Suriname",3,3,0,0,0
2005,166,"Trinidad and Tobago",6,0,0,6,0
2005,167,"Uruguay",13,3,3,6,1
2005,168,"Venezuela",21,6,2,8,5
2005,169,"Afloat",26,0,26,0,0
2005,170,"Total - Western Hemisphere",2034,599,713,352,370
2005,171,"Ashore",94373,0,42540,32325,19508
2005,172,"Afloat",6701,0,6701,0,0
2005,173,"Total - Undistributed",101074,0,49241,32325,19508
2005,174,"Total - Foreign Countries",290997,81983,77919,53554,77541
2005,175,"Ashore",268214,81983,57343,51347,77541
2005,176,"Afloat",22783,0,20576,2207,0
2005,177,"NATO Countries",97285,55396,7346,768,33775
2005,178,"Forward Deployment Pacific Theater",82652,23224,18149,16418,24861
2005,179,"Total - Worldwide",1389394,492728,362941,180029,353696
