eo_number,signing_date,title,agencies,assigned_topic,topic_method,needs_review,federal_register_url,reviewer_verdict (agree / disagree),reviewer_topic (if disagree),reviewer_notes
12893,1994-01-26,"Principles for Federal Infrastructure Investments","Executive Office of the President","Economy, labor & technology",model,false,https://www.federalregister.gov/d/94-2261,,,
12899,1994-02-15,"Establishing an Emergency Board To Investigate a Dispute Between The Long Island Rail Road and Certain of Its Employees Represented by the United Transportation Union","Executive Office of the President","Economy, labor & technology",model,false,https://www.federalregister.gov/d/94-3853,,,
12900,1994-02-22,"Educational Excellence for Hispanic Americans","Executive Office of the President","Health & education",model,false,https://www.federalregister.gov/d/94-4472,,,
12947,1995-01-23,"Prohibiting Transactions With Terrorists Who Threaten To Disrupt the Middle East Peace Process","Executive Office of the President","Foreign policy",model,false,https://www.federalregister.gov/d/X95-110125,,,
12960,1995-05-12,"Amendments to the Manual for Courts-Martial, United States, 1984","Executive Office of the President","National security & defense",model,false,https://www.federalregister.gov/d/95-12285,,,
13008,1996-06-03,"Amending Executive Order No. 12880","Executive Office of the President","Government operations",model,true,https://www.federalregister.gov/d/96-14372,,,
13009,1996-06-14,"Amendment to Executive Order No. 12963 Entitled Presidential Advisory Council on HIV/AIDS","Executive Office of the President","Health & education",parent-inherit,false,https://www.federalregister.gov/d/96-15656,,,
13022,1996-10-31,"Administration of the Midway Islands","Executive Office of the President","Government operations",model,false,https://www.federalregister.gov/d/96-28509,,,
13032,1996-12-26,"Further Amendment to Executive Order No. 12964","Executive Office of the President","Trade & tariffs",parent-inherit,false,https://www.federalregister.gov/d/96-33336,,,
13040,1997-03-25,"Amendment to Executive Order 13017, Advisory Commission on Consumer Protection and Quality in the Health Care Industry","Executive Office of the President","Health & education",parent-inherit,false,https://www.federalregister.gov/d/97-8123,,,
13079,1998-04-07,"Waiver Under The Trade Act Of 1974 With Respect to Vietnam","Executive Office of the President","Trade & tariffs",model,false,https://www.federalregister.gov/d/98-9599,,,
13093,1998-07-27,"American Heritage Rivers, Amending Executive Order 13061 and 13080","Executive Office of the President","Energy & environment",parent-inherit,false,https://www.federalregister.gov/d/98-20450,,,
13103,1998-09-30,"Computer Software Piracy","Executive Office of the President","Government operations",model,false,https://www.federalregister.gov/d/98-26799,,,
13119,1999-04-13,"Designation of Federal Republic of Yugoslavia (Serbia/Montenegro), Albania, the Airspace Above, and Adjacent Waters as a Combat Zone","Executive Office of the President","National security & defense",model,false,https://www.federalregister.gov/d/99-9738,,,
13133,1999-08-05,"Working Group on Unlawful Conduct on the Internet","Executive Office of the President","Immigration & justice",model,false,https://www.federalregister.gov/d/99-20924,,,
13135,1999-08-27,"Amendment to Executive Order 12216, President's Committee on the International Labor Organization","Executive Office of the President","Foreign policy",model,true,https://www.federalregister.gov/d/99-22778,,,
13140,1999-10-06,"1999 Amendments to the Manual for Courts-Martial, United States","Executive Office of the President","National security & defense",model,false,https://www.federalregister.gov/d/99-26670,,,
13163,2000-07-26,"Increasing the Opportunity for Individuals With Disabilities To Be Employed in the Federal Government","Executive Office of the President","Government operations",model,false,https://www.federalregister.gov/d/00-19322,,,
13207,2001-04-05,"Further Amendment to Executive Order 10000, Regulations Governing Additional Compensation and Credit Granted Certain Employees of the Federal Government Serving Outside the United States","Executive Office of the President","Government operations",model,true,https://www.federalregister.gov/d/01-8836,,,
13227,2001-10-02,"President's Commission on Excellence in Special Education","Executive Office of the President","Health & education",model,false,https://www.federalregister.gov/d/01-25344,,,
13228,2001-10-08,"Establishing the Office of Homeland Security and the Homeland Security Council","Executive Office of the President","National security & defense",model,false,https://www.federalregister.gov/d/01-25677,,,
13234,2001-11-09,"Presidential Task Force on Citizen Preparedness in the War on Terrorism","Executive Office of the President","National security & defense",model,false,https://www.federalregister.gov/d/01-28762,,,
13243,2001-12-18,"Providing an Order of Succession Within the Department of Housing and Urban Development","Executive Office of the President","Government operations",model,false,https://www.federalregister.gov/d/01-31668,,,
13285,2003-01-29,"President's Council on Service and Civic Participation","Executive Office of the President","Other",model,false,https://www.federalregister.gov/d/03-2606,,,
13289,2003-03-12,"Establishing the Global War on Terrorism Medals","Executive Office of the President","National security & defense",model,false,https://www.federalregister.gov/d/03-6445,,,
13314,2003-08-08,"Waiver Under the Trade Act of 1974 With Respect to Turkmenistan","Executive Office of the President","Trade & tariffs",model,false,https://www.federalregister.gov/d/03-20764,,,
13322,2003-12-30,"Adjustments of Certain Rates of Pay","Executive Office of the President","Government operations",model,false,https://www.federalregister.gov/d/03-32328,,,
13360,2004-10-20,"Providing Opportunities for Service-Disabled Veteran Businesses To Increase Their Federal Contracting and Subcontracting","Executive Office of the President","Economy, labor & technology",model,false,https://www.federalregister.gov/d/04-24098,,,
13370,2005-01-13,"Providing an Order of Succession in the Office of Management and Budget","Executive Office of the President","Government operations",model,false,https://www.federalregister.gov/d/05-1170,,,
13390,2005-11-01,"Establishment of a Coordinator of Federal Support for the Recovery and Rebuilding of the Gulf Coast Region","Executive Office of the President","Economy, labor & technology",model,false,https://www.federalregister.gov/d/05-22133,,,
13391,2005-11-22,"Blocking Property of Additional Persons Undermining Democratic Processes or Institutions in Zimbabwe","Executive Office of the President","Foreign policy",model,false,https://www.federalregister.gov/d/05-23412,,,
13393,2005-12-22,"Adjustments of Certain Rates of Pay","Executive Office of the President","Government operations",model,false,https://www.federalregister.gov/d/05-24596,,,
13405,2006-06-16,"Blocking Property of Certain Persons Undermining Democratic Processes or Institutions in Belarus","Executive Office of the President","Foreign policy",model,false,https://www.federalregister.gov/d/06-5592,,,
13407,2006-06-26,"Public Alert and Warning System","Executive Office of the President","National security & defense",model,false,https://www.federalregister.gov/d/06-5829,,,
13426,2007-03-06,"Establishing a Commission on Care for America's Returning Wounded Warriors and a Task Force on Returning Global War on Terror Heroes","Executive Office of the President","Health & education",model,false,https://www.federalregister.gov/d/07-1137,,,
13449,2007-10-20,"Protection of Striped Bass and Red Drum Fish Populations","Executive Office of the President","Energy & environment",model,false,https://www.federalregister.gov/d/07-5299,,,
13471,2008-08-28,"Further Amendments To Executive Order 13285, President's Council On Service And Civic Participation","Executive Office of the President","Other",parent-inherit,false,https://www.federalregister.gov/d/E8-20436,,,
13494,2009-01-30,"Economy in Government Contracting","Executive Office of the President","Economy, labor & technology",model,false,https://www.federalregister.gov/d/E9-2483,,,
13502,2009-02-06,"Use of Project Labor Agreements for Federal Construction Projects","Executive Office of the President","Economy, labor & technology",model,false,https://www.federalregister.gov/d/E9-3113,,,
13533,2010-03-01,"Providing an Order of Succession Within the Department of Defense","Executive Office of the President","National security & defense",model,false,https://www.federalregister.gov/d/2010-4884,,,
13535,2010-03-24,"Ensuring Enforcement and Implementation of Abortion Restrictions in the Patient Protection and Affordable Care Act","Executive Office of the President","Health & education",model,false,https://www.federalregister.gov/d/2010-7154,,,
13550,2010-08-18,"Establishment of Pakistan and Afghanistan Support Office","Executive Office of the President","Foreign policy",model,false,https://www.federalregister.gov/d/2010-21020,,,
13554,2010-10-05,"Establishing the Gulf Coast Ecosystem Restoration Task Force","Executive Office of the President","Energy & environment",model,false,https://www.federalregister.gov/d/2010-25578,,,
13583,2011-08-18,"Establishing a Coordinated Government-Wide Initiative to Promote Diversity and Inclusion in the Federal Workforce","Executive Office of the President","Government operations",model,false,https://www.federalregister.gov/d/2011-21704,,,
13586,2011-10-06,"Establishing an Emergency Board to Investigate Disputes Between Certain Railroads Represented by the National Carriers' Conference Committee of the National Railway Labor Conference and Their Employees Represented by Certain Labor Organizations","Executive Office of the President","Economy, labor & technology",model,false,https://www.federalregister.gov/d/2011-26574,,,
13595,2011-12-19,"Instituting a National Action Plan On Women, Peace, And Security","Executive Office of the President","Foreign policy",model,false,https://www.federalregister.gov/d/2011-33089,,,
13605,2012-04-13,"Supporting Safe and Responsible Development of Unconventional Domestic Natural Gas Resources","Executive Office of the President","Energy & environment",model,false,https://www.federalregister.gov/d/2012-9473,,,
13632,2012-12-07,"Establishing the Hurricane Sandy Rebuilding Task Force","Executive Office of the President","Economy, labor & technology",model,false,https://www.federalregister.gov/d/2012-30310,,,
13665,2014-04-08,"Non-Retaliation for Disclosure of Compensation Information","Executive Office of the President","Economy, labor & technology",model,false,https://www.federalregister.gov/d/2014-08426,,,
13682,2014-12-05,"Closing of Executive Departments and Agencies of the Federal Government on Friday, December 26, 2014","Executive Office of the President","Government operations",model,false,https://www.federalregister.gov/d/2014-29121,,,
13698,2015-06-24,"Hostage Recovery Activities","Executive Office of the President","National security & defense",model,false,https://www.federalregister.gov/d/2015-16122,,,
13701,2015-07-17,"Delegation of Certain Authorities and Assignment of Certain Functions Under the Bipartisan Congressional Trade Priorities and Accountability Act of 2015","Executive Office of the President","Trade & tariffs",model,false,https://www.federalregister.gov/d/2015-18292,,,
13724,2016-04-08,"Amending Executive Order 12137","Executive Office of the President","National security & defense",model,true,https://www.federalregister.gov/d/2016-08713,,,
13753,2016-12-09,"Amending the Order of Succession in the Department of Homeland Security","Executive Office of the President","Government operations",parent-inherit,false,https://www.federalregister.gov/d/2016-30272,,,
13758,2017-01-12,"Amending Executive Order 11016 To Update Eligibility Criteria for Award of the Purple Heart","Executive Office of the President","National security & defense",model,true,https://www.federalregister.gov/d/2017-01164,,,
13764,2017-01-17,"Amending the Civil Service Rules, Executive Order 13488, and Executive Order 13467 To Modernize the Executive Branch-Wide Governance Structure and Processes for Security Clearances, Suitability and Fitness for Employment, and Credentialing, and Related Matters","Executive Office of the President","Government operations",parent-inherit,false,https://www.federalregister.gov/d/2017-01623,,,
13790,2017-04-25,"Promoting Agriculture and Rural Prosperity in America","Executive Office of the President","Economy, labor & technology",model,false,https://www.federalregister.gov/d/2017-08818,,,
13827,2018-03-19,"Taking Additional Steps to Address the Situation in Venezuela","Executive Office of the President","Foreign policy",model,false,https://www.federalregister.gov/d/2018-05916,,,
13829,2018-04-12,"Task Force on the United States Postal System","Executive Office of the President","Economy, labor & technology",model,false,https://www.federalregister.gov/d/2018-08272,,,
13834,2018-05-17,"Efficient Federal Operations","Executive Office of the President","Energy & environment",model,false,https://www.federalregister.gov/d/2018-11101,,,
13841,2018-06-20,"Affording Congress an Opportunity To Address Family Separation","Executive Office of the President","Immigration & justice",model,false,https://www.federalregister.gov/d/2018-13696,,,
13881,2019-07-15,"Maximizing Use of American-Made Goods, Products, and Materials","Executive Office of the President","Trade & tariffs",model,false,https://www.federalregister.gov/d/2019-15449,,,
13891,2019-10-09,"Promoting the Rule of Law Through Improved Agency Guidance Documents","Executive Office of the President","Government operations",model,false,https://www.federalregister.gov/d/2019-22623,,,
13895,2019-10-22,"President's Council of Advisors on Science and Technology","Executive Office of the President","Economy, labor & technology",model,false,https://www.federalregister.gov/d/2019-23525,,,
13897,2019-10-31,"Improving Federal Contractor Operations by Revoking Executive Order 13495","Executive Office of the President","Economy, labor & technology",parent-inherit,false,https://www.federalregister.gov/d/2019-24288,,,
13902,2020-01-10,"Imposing Sanctions With Respect to Additional Sectors of Iran","Executive Office of the President","Foreign policy",model,false,https://www.federalregister.gov/d/2020-00534,,,
13910,2020-03-23,"Preventing Hoarding of Health and Medical Resources To Respond to the Spread of COVID-19","Executive Office of the President","Health & education",model,false,https://www.federalregister.gov/d/2020-06478,,,
13921,2020-05-07,"Promoting American Seafood Competitiveness and Economic Growth","Executive Office of the President","Economy, labor & technology",model,false,https://www.federalregister.gov/d/2020-10315,,,
13943,2020-08-06,"Addressing the Threat Posed by WeChat, and Taking Additional Steps To Address the National Emergency With Respect to the Information and Communications Technology and Services Supply Chain","Executive Office of the President","National security & defense",model,false,https://www.federalregister.gov/d/2020-17700,,,
13945,2020-08-08,"Fighting the Spread of COVID-19 by Providing Assistance to Renters and Homeowners","Executive Office of the President","Economy, labor & technology",model,false,https://www.federalregister.gov/d/2020-18015,,,
13957,2020-10-21,"Creating Schedule F in the Excepted Service","Executive Office of the President","Government operations",model,false,https://www.federalregister.gov/d/2020-23780,,,
13960,2020-12-03,"Promoting the Use of Trustworthy Artificial Intelligence in the Federal Government","Executive Office of the President","Economy, labor & technology",model,false,https://www.federalregister.gov/d/2020-27065,,,
13963,2020-12-10,"Providing an Order of Succession Within the Department of Defense","Executive Office of the President","National security & defense",model,false,https://www.federalregister.gov/d/2020-27739,,,
13967,2020-12-18,"Promoting Beautiful Federal Civic Architecture","Executive Office of the President","Government operations",model,false,https://www.federalregister.gov/d/2020-28605,,,
13969,2020-12-28,"Expanding Educational Opportunity Through School Choice","Executive Office of the President","Health & education",model,false,https://www.federalregister.gov/d/2020-29235,,,
14061,2021-12-22,"Adjustments of Certain Rates of Pay","Executive Office of the President","Government operations",model,false,https://www.federalregister.gov/d/2021-28313,,,
14072,2022-04-22,"Strengthening the Nation's Forests, Communities, and Local Economies","Executive Office of the President","Energy & environment",model,false,https://www.federalregister.gov/d/2022-09138,,,
14079,2022-08-03,"Securing Access to Reproductive and Other Healthcare Services","Executive Office of the President","Health & education",model,false,https://www.federalregister.gov/d/2022-17420,,,
14110,2023-10-30,"Safe, Secure, and Trustworthy Development and Use of Artificial Intelligence","Executive Office of the President","Economy, labor & technology",model,false,https://www.federalregister.gov/d/2023-24283,,,
14113,2023-12-21,"Adjustments of Certain Rates of Pay","Executive Office of the President","Government operations",model,false,https://www.federalregister.gov/d/2023-28661,,,
14155,2025-01-20,"Withdrawing the United States From the World Health Organization","Executive Office of the President","Foreign policy",model,false,https://www.federalregister.gov/d/2025-01957,,,
14160,2025-01-20,"Protecting the Meaning and Value of American Citizenship","Executive Office of the President","Immigration & justice",model,false,https://www.federalregister.gov/d/2025-02007,,,
14161,2025-01-20,"Protecting the United States From Foreign Terrorists and Other National Security and Public Safety Threats","Executive Office of the President","Immigration & justice",model,false,https://www.federalregister.gov/d/2025-02009,,,
14163,2025-01-20,"Realigning the United States Refugee Admissions Program","Executive Office of the President","Immigration & justice",model,false,https://www.federalregister.gov/d/2025-02011,,,
14167,2025-01-20,"Clarifying the Military's Role in Protecting the Territorial Integrity of the United States","Executive Office of the President","National security & defense",model,false,https://www.federalregister.gov/d/2025-02089,,,
14183,2025-01-27,"Prioritizing Military Excellence and Readiness","Executive Office of the President","National security & defense",model,false,https://www.federalregister.gov/d/2025-02178,,,
14188,2025-01-29,"Additional Measures To Combat Anti-Semitism","Executive Office of the President","Other",model,false,https://www.federalregister.gov/d/2025-02230,,,
14205,2025-02-07,"Establishment of the White House Faith Office","Executive Office of the President","Other",model,false,https://www.federalregister.gov/d/2025-02635,,,
14213,2025-02-14,"Establishing the National Energy Dominance Council","Executive Office of the President","Energy & environment",model,false,https://www.federalregister.gov/d/2025-02928,,,
14218,2025-02-19,"Ending Taxpayer Subsidization of Open Borders","Executive Office of the President","Immigration & justice",model,false,https://www.federalregister.gov/d/2025-03137,,,
14219,2025-02-19,"Ensuring Lawful Governance and Implementing the President's ""Department of Government Efficiency"" Deregulatory Initiative","Executive Office of the President","Government operations",model,false,https://www.federalregister.gov/d/2025-03138,,,
14226,2025-03-02,"Amendment to Duties To Address the Flow of Illicit Drugs Across Our Northern Border","Executive Office of the President","Trade & tariffs",parent-inherit,false,https://www.federalregister.gov/d/2025-03728,,,
14238,2025-03-14,"Continuing the Reduction of the Federal Bureaucracy","Executive Office of the President","Government operations",model,false,https://www.federalregister.gov/d/2025-04868,,,
14286,2025-04-28,"Enforcing Commonsense Rules of the Road for America's Truck Drivers","Executive Office of the President","Economy, labor & technology",model,false,https://www.federalregister.gov/d/2025-07786,,,
14295,2025-05-09,"Increasing Efficiency at the Office of the Federal Register","Executive Office of the President","Government operations",model,false,https://www.federalregister.gov/d/2025-08682,,,
14309,2025-06-16,"Implementing the General Terms of the United States of America-United Kingdom Economic Prosperity Deal","Executive Office of the President","Trade & tariffs",model,false,https://www.federalregister.gov/d/2025-11473,,,
14352,2025-09-25,"Saving TikTok While Protecting National Security","Executive Office of the President","National security & defense",model,false,https://www.federalregister.gov/d/2025-19139,,,
14388,2026-02-20,"Continuing the Suspension of Duty-Free De Minimis Treatment for All Countries","Executive Office of the President","Trade & tariffs",model,false,https://www.federalregister.gov/d/2026-03829,,,
14391,2026-03-13,"Adjusting Certain Delegations Under the Defense Production Act","Executive Office of the President","National security & defense",model,false,https://www.federalregister.gov/d/2026-05382,,,
14392,2026-03-13,"Ensuring Truthful Advertising of Products Claiming To Be Made in America","Executive Office of the President","Economy, labor & technology",model,false,https://www.federalregister.gov/d/2026-05383,,,
